SalesOrderNumber;SalesOrderLineNumber;OrderDate;DueDate;ShipDate;ProductKey;ResellerKey;PromotionKey;EmployeeKey;SalesTerritoryKey;OrderQuantity;UnitPrice;TotalProductCost;SalesAmount
SO43659;1;2017-07-01;2017-07-11;2017-07-08;349;676;1;285;5;1;2024.99;NULL;2024.99
SO43659;2;2017-07-01;2017-07-11;2017-07-08;350;676;1;285;5;3;2024.99;NULL;6074.97
SO43659;3;2017-07-01;2017-07-11;2017-07-08;351;676;1;285;5;1;2024.99;NULL;2024.99
SO43659;4;2017-07-01;2017-07-11;2017-07-08;344;676;1;285;5;1;2039.99;NULL;2039.99
SO43659;5;2017-07-01;2017-07-11;2017-07-08;345;676;1;285;5;1;2039.99;NULL;2039.99
SO43659;6;2017-07-01;2017-07-11;2017-07-08;346;676;1;285;5;2;2039.99;NULL;4079.98
SO43659;7;2017-07-01;2017-07-11;2017-07-08;347;676;1;285;5;1;2039.99;NULL;2039.99
SO43659;8;2017-07-01;2017-07-11;2017-07-08;229;676;1;285;5;3;28.84;NULL;86.52
SO43659;9;2017-07-01;2017-07-11;2017-07-08;235;676;1;285;5;1;28.84;NULL;28.84
SO43659;10;2017-07-01;2017-07-11;2017-07-08;218;676;1;285;5;6;5.70;NULL;34.20
SO43659;11;2017-07-01;2017-07-11;2017-07-08;223;676;1;285;5;2;5.19;NULL;10.38
SO43659;12;2017-07-01;2017-07-11;2017-07-08;220;676;1;285;5;4;20.19;NULL;80.76
SO43660;1;2017-07-01;2017-07-11;2017-07-08;326;117;1;285;5;1;419.46;NULL;419.46
SO43660;2;2017-07-01;2017-07-11;2017-07-08;319;117;1;285;5;1;874.79;NULL;874.79
SO43661;1;2017-07-02;2017-07-12;2017-07-09;300;442;1;288;6;1;809.76;NULL;809.76
SO43661;2;2017-07-02;2017-07-12;2017-07-09;296;442;1;288;6;1;714.70;NULL;714.70
SO43661;3;2017-07-02;2017-07-12;2017-07-09;304;442;1;288;6;2;714.70;NULL;1429.40
SO43661;4;2017-07-02;2017-07-12;2017-07-09;223;442;1;288;6;4;5.19;NULL;20.76
SO43661;5;2017-07-02;2017-07-12;2017-07-09;232;442;1;288;6;4;28.84;NULL;115.36
SO43661;6;2017-07-02;2017-07-12;2017-07-09;293;442;1;288;6;2;722.59;NULL;1445.18
SO43661;7;2017-07-02;2017-07-12;2017-07-09;348;442;1;288;6;3;2024.99;NULL;6074.97
SO43661;8;2017-07-02;2017-07-12;2017-07-09;351;442;1;288;6;2;2024.99;NULL;4049.98
SO43661;9;2017-07-02;2017-07-12;2017-07-09;220;442;1;288;6;2;20.19;NULL;40.38
SO43661;10;2017-07-02;2017-07-12;2017-07-09;292;442;1;288;6;2;818.70;NULL;1637.40
SO43661;11;2017-07-02;2017-07-12;2017-07-09;349;442;1;288;6;4;2024.99;NULL;8099.96
SO43661;12;2017-07-02;2017-07-12;2017-07-09;346;442;1;288;6;2;2039.99;NULL;4079.98
SO43661;13;2017-07-02;2017-07-12;2017-07-09;235;442;1;288;6;2;28.84;NULL;57.68
SO43661;14;2017-07-02;2017-07-12;2017-07-09;350;442;1;288;6;2;2024.99;NULL;4049.98
SO43661;15;2017-07-02;2017-07-12;2017-07-09;215;442;1;288;6;5;20.19;NULL;100.95
SO43662;1;2017-07-03;2017-07-13;2017-07-10;330;227;1;288;6;3;419.46;NULL;1258.38
SO43662;2;2017-07-03;2017-07-13;2017-07-10;342;227;1;288;6;5;419.46;NULL;2097.30
SO43662;3;2017-07-03;2017-07-13;2017-07-10;272;227;1;288;6;2;183.94;NULL;367.88
SO43662;4;2017-07-03;2017-07-13;2017-07-10;315;227;1;288;6;4;874.79;NULL;3499.16
SO43662;5;2017-07-03;2017-07-13;2017-07-10;262;227;1;288;6;3;183.94;NULL;551.82
SO43662;6;2017-07-03;2017-07-13;2017-07-10;326;227;1;288;6;5;419.46;NULL;2097.30
SO43662;7;2017-07-03;2017-07-13;2017-07-10;332;227;1;288;6;3;419.46;NULL;1258.38
SO43662;8;2017-07-03;2017-07-13;2017-07-10;338;227;1;288;6;2;419.46;NULL;838.92
SO43662;9;2017-07-03;2017-07-13;2017-07-10;314;227;1;288;6;1;2146.96;NULL;2146.96
SO43662;10;2017-07-03;2017-07-13;2017-07-10;317;227;1;288;6;1;874.79;NULL;874.79
SO43662;11;2017-07-03;2017-07-13;2017-07-10;328;227;1;288;6;3;419.46;NULL;1258.38
SO43662;12;2017-07-03;2017-07-13;2017-07-10;275;227;1;288;6;1;356.90;NULL;356.90
SO43662;13;2017-07-03;2017-07-13;2017-07-10;319;227;1;288;6;6;874.79;NULL;5248.74
SO43662;14;2017-07-03;2017-07-13;2017-07-10;270;227;1;288;6;1;183.94;NULL;183.94
SO43662;15;2017-07-03;2017-07-13;2017-07-10;253;227;1;288;6;3;178.58;NULL;535.74
SO43662;16;2017-07-03;2017-07-13;2017-07-10;310;227;1;288;6;1;2146.96;NULL;2146.96
SO43662;17;2017-07-03;2017-07-13;2017-07-10;322;227;1;288;6;3;419.46;NULL;1258.38
SO43662;18;2017-07-03;2017-07-13;2017-07-10;264;227;1;288;6;1;183.94;NULL;183.94
SO43662;19;2017-07-03;2017-07-13;2017-07-10;276;227;1;288;6;1;356.90;NULL;356.90
SO43662;20;2017-07-03;2017-07-13;2017-07-10;285;227;1;288;6;1;178.58;NULL;178.58
SO43662;21;2017-07-03;2017-07-13;2017-07-10;334;227;1;288;6;3;419.46;NULL;1258.38
SO43662;22;2017-07-03;2017-07-13;2017-07-10;316;227;1;288;6;1;874.79;NULL;874.79
SO43663;1;2017-07-03;2017-07-13;2017-07-10;322;510;1;282;4;1;419.46;NULL;419.46
SO43664;1;2017-07-04;2017-07-14;2017-07-11;345;397;1;286;1;1;2039.99;NULL;2039.99
SO43664;2;2017-07-04;2017-07-14;2017-07-11;348;397;1;286;1;4;2024.99;NULL;8099.96
SO43664;3;2017-07-04;2017-07-14;2017-07-11;229;397;1;286;1;1;28.84;NULL;28.84
SO43664;4;2017-07-04;2017-07-14;2017-07-11;235;397;1;286;1;1;28.84;NULL;28.84
SO43664;5;2017-07-04;2017-07-14;2017-07-11;350;397;1;286;1;2;2024.99;NULL;4049.98
SO43664;6;2017-07-04;2017-07-14;2017-07-11;344;397;1;286;1;3;2039.99;NULL;6119.97
SO43664;7;2017-07-04;2017-07-14;2017-07-11;346;397;1;286;1;1;2039.99;NULL;2039.99
SO43664;8;2017-07-04;2017-07-14;2017-07-11;351;397;1;286;1;1;2024.99;NULL;2024.99
SO43665;1;2017-07-04;2017-07-14;2017-07-11;220;146;1;289;1;2;20.19;NULL;40.38
SO43665;2;2017-07-04;2017-07-14;2017-07-11;346;146;1;289;1;1;2039.99;NULL;2039.99
SO43665;3;2017-07-04;2017-07-14;2017-07-11;212;146;1;289;1;1;20.19;NULL;20.19
SO43665;4;2017-07-04;2017-07-14;2017-07-11;232;146;1;289;1;2;28.84;NULL;57.68
SO43665;5;2017-07-04;2017-07-14;2017-07-11;350;146;1;289;1;2;2024.99;NULL;4049.98
SO43665;6;2017-07-04;2017-07-14;2017-07-11;223;146;1;289;1;2;5.19;NULL;10.38
SO43665;7;2017-07-04;2017-07-14;2017-07-11;348;146;1;289;1;2;2024.99;NULL;4049.98
SO43665;8;2017-07-04;2017-07-14;2017-07-11;351;146;1;289;1;1;2024.99;NULL;2024.99
SO43665;9;2017-07-04;2017-07-14;2017-07-11;218;146;1;289;1;6;5.70;NULL;34.20
SO43665;10;2017-07-04;2017-07-14;2017-07-11;349;146;1;289;1;1;2024.99;NULL;2024.99
SO43666;1;2017-07-05;2017-07-15;2017-07-12;330;511;1;282;4;1;419.46;NULL;419.46
SO43666;2;2017-07-05;2017-07-15;2017-07-12;314;511;1;282;4;1;2146.96;NULL;2146.96
SO43666;3;2017-07-05;2017-07-15;2017-07-12;275;511;1;282;4;1;356.90;NULL;356.90
SO43666;4;2017-07-05;2017-07-15;2017-07-12;317;511;1;282;4;1;874.79;NULL;874.79
SO43666;5;2017-07-05;2017-07-15;2017-07-12;338;511;1;282;4;2;419.46;NULL;838.92
SO43666;6;2017-07-05;2017-07-15;2017-07-12;334;511;1;282;4;1;419.46;NULL;419.46
SO43667;1;2017-07-06;2017-07-16;2017-07-13;219;646;1;283;3;3;5.70;10.19;17.10
SO43667;2;2017-07-06;2017-07-16;2017-07-13;346;646;1;283;3;1;2039.99;1912.15;2039.99
SO43667;3;2017-07-06;2017-07-16;2017-07-13;351;646;1;283;3;1;2024.99;1898.09;2024.99
SO43667;4;2017-07-06;2017-07-16;2017-07-13;348;646;1;283;3;1;2024.99;1898.09;2024.99
SO43668;1;2017-07-07;2017-07-17;2017-07-14;317;514;1;288;6;3;874.79;2654.12;2624.37
SO43668;2;2017-07-07;2017-07-17;2017-07-14;314;514;1;288;6;2;2146.96;4342.59;4293.92
SO43668;3;2017-07-07;2017-07-17;2017-07-14;322;514;1;288;6;7;419.46;2892.02;2936.22
SO43668;4;2017-07-07;2017-07-17;2017-07-14;332;514;1;288;6;6;419.46;2478.88;2516.76
SO43668;5;2017-07-07;2017-07-17;2017-07-14;232;514;1;288;6;6;28.84;190.35;173.04
SO43668;6;2017-07-07;2017-07-17;2017-07-14;272;514;1;288;6;6;183.94;1088.91;1103.64
SO43668;7;2017-07-07;2017-07-17;2017-07-14;212;514;1;288;6;2;20.19;24.06;40.38
SO43668;8;2017-07-07;2017-07-17;2017-07-14;220;514;1;288;6;2;20.19;24.06;40.38
SO43668;9;2017-07-07;2017-07-17;2017-07-14;315;514;1;288;6;2;874.79;1769.42;1749.58
SO43668;10;2017-07-07;2017-07-17;2017-07-14;223;514;1;288;6;4;5.19;22.82;20.76
SO43668;11;2017-07-07;2017-07-17;2017-07-14;270;514;1;288;6;2;183.94;362.97;367.88
SO43668;12;2017-07-07;2017-07-17;2017-07-14;316;514;1;288;6;3;874.79;2654.12;2624.37
SO43668;13;2017-07-07;2017-07-17;2017-07-14;324;514;1;288;6;3;419.46;1239.44;1258.38
SO43668;14;2017-07-07;2017-07-17;2017-07-14;342;514;1;288;6;2;419.46;826.29;838.92
SO43668;15;2017-07-07;2017-07-17;2017-07-14;264;514;1;288;6;3;183.94;544.46;551.82
SO43668;16;2017-07-07;2017-07-17;2017-07-14;330;514;1;288;6;2;419.46;826.29;838.92
SO43668;17;2017-07-07;2017-07-17;2017-07-14;334;514;1;288;6;2;419.46;826.29;838.92
SO43668;18;2017-07-07;2017-07-17;2017-07-14;262;514;1;288;6;2;183.94;362.97;367.88
SO43668;19;2017-07-07;2017-07-17;2017-07-14;235;514;1;288;6;1;28.84;31.72;28.84
SO43668;20;2017-07-07;2017-07-17;2017-07-14;338;514;1;288;6;2;419.46;826.29;838.92
SO43668;21;2017-07-07;2017-07-17;2017-07-14;275;514;1;288;6;4;356.90;1408.56;1427.60
SO43668;22;2017-07-07;2017-07-17;2017-07-14;319;514;1;288;6;6;874.79;5308.25;5248.74
SO43668;23;2017-07-07;2017-07-17;2017-07-14;326;514;1;288;6;4;419.46;1652.59;1677.84
SO43668;24;2017-07-07;2017-07-17;2017-07-14;285;514;1;288;6;3;178.58;528.60;535.74
SO43668;25;2017-07-07;2017-07-17;2017-07-14;229;514;1;288;6;4;28.84;126.90;115.36
SO43668;26;2017-07-07;2017-07-17;2017-07-14;253;514;1;288;6;3;178.58;528.60;535.74
SO43668;27;2017-07-07;2017-07-17;2017-07-14;215;514;1;288;6;1;20.19;12.03;20.19
SO43668;28;2017-07-07;2017-07-17;2017-07-14;276;514;1;288;6;3;356.90;1056.42;1070.70
SO43668;29;2017-07-07;2017-07-17;2017-07-14;328;514;1;288;6;3;419.46;1239.44;1258.38
SO43669;1;2017-07-08;2017-07-18;2017-07-15;304;578;1;289;1;1;714.70;617.03;714.70
SO43670;1;2017-07-08;2017-07-18;2017-07-15;219;504;1;281;3;1;5.70;3.40;5.70
SO43670;2;2017-07-08;2017-07-18;2017-07-15;218;504;1;281;3;2;5.70;6.79;11.40
SO43670;3;2017-07-08;2017-07-18;2017-07-15;346;504;1;281;3;2;2039.99;3824.31;4079.98
SO43670;4;2017-07-08;2017-07-18;2017-07-15;349;504;1;281;3;1;2024.99;1898.09;2024.99
SO43671;1;2017-07-09;2017-07-19;2017-07-16;314;200;1;289;1;1;2146.96;2171.29;2146.96
SO43671;2;2017-07-09;2017-07-19;2017-07-16;229;200;1;289;1;2;28.84;63.45;57.68
SO43671;3;2017-07-09;2017-07-19;2017-07-16;317;200;1;289;1;1;874.79;884.71;874.79
SO43671;4;2017-07-09;2017-07-19;2017-07-16;338;200;1;289;1;2;419.46;826.29;838.92
SO43671;5;2017-07-09;2017-07-19;2017-07-16;275;200;1;289;1;2;356.90;704.28;713.80
SO43671;6;2017-07-09;2017-07-19;2017-07-16;328;200;1;289;1;2;419.46;826.29;838.92
SO43671;7;2017-07-09;2017-07-19;2017-07-16;316;200;1;289;1;2;874.79;1769.42;1749.58
SO43671;8;2017-07-09;2017-07-19;2017-07-16;330;200;1;289;1;2;419.46;826.29;838.92
SO43671;9;2017-07-09;2017-07-19;2017-07-16;235;200;1;289;1;1;28.84;31.72;28.84
SO43671;10;2017-07-09;2017-07-19;2017-07-16;220;200;1;289;1;1;20.19;12.03;20.19
SO43671;11;2017-07-09;2017-07-19;2017-07-16;215;200;1;289;1;1;20.19;12.03;20.19
SO43672;1;2017-07-10;2017-07-20;2017-07-17;218;119;1;288;6;6;5.70;20.38;34.20
SO43672;2;2017-07-10;2017-07-20;2017-07-17;349;119;1;288;6;2;2024.99;3796.19;4049.98
SO43672;3;2017-07-10;2017-07-20;2017-07-17;347;119;1;288;6;1;2039.99;1912.15;2039.99
SO43673;1;2017-07-10;2017-07-20;2017-07-17;315;618;1;281;2;1;874.79;884.71;874.79
SO43673;2;2017-07-10;2017-07-20;2017-07-17;232;618;1;281;2;3;28.84;95.17;86.52
SO43673;3;2017-07-10;2017-07-20;2017-07-17;270;618;1;281;2;1;183.94;181.49;183.94
SO43673;4;2017-07-10;2017-07-20;2017-07-17;324;618;1;281;2;2;419.46;826.29;838.92
SO43673;5;2017-07-10;2017-07-20;2017-07-17;326;618;1;281;2;1;419.46;413.15;419.46
SO43673;6;2017-07-10;2017-07-20;2017-07-17;285;618;1;281;2;2;178.58;352.40;357.16
SO43673;7;2017-07-10;2017-07-20;2017-07-17;342;618;1;281;2;2;419.46;826.29;838.92
SO43673;8;2017-07-10;2017-07-20;2017-07-17;223;618;1;281;2;1;5.19;5.71;5.19
SO43673;9;2017-07-10;2017-07-20;2017-07-17;215;618;1;281;2;2;20.19;24.06;40.38
SO43673;10;2017-07-10;2017-07-20;2017-07-17;220;618;1;281;2;1;20.19;12.03;20.19
SO43673;11;2017-07-10;2017-07-20;2017-07-17;212;618;1;281;2;4;20.19;48.11;80.76
SO43674;1;2017-07-12;2017-07-22;2017-07-19;319;83;1;288;6;3;874.79;2654.12;2624.37
SO43675;1;2017-07-14;2017-07-24;2017-07-21;324;670;1;283;3;4;419.46;1652.59;1677.84
SO43675;2;2017-07-14;2017-07-24;2017-07-21;220;670;1;283;3;5;20.19;60.14;100.95
SO43675;3;2017-07-14;2017-07-24;2017-07-21;285;670;1;283;3;2;178.58;352.40;357.16
SO43675;4;2017-07-14;2017-07-24;2017-07-21;215;670;1;283;3;1;20.19;12.03;20.19
SO43675;5;2017-07-14;2017-07-24;2017-07-21;326;670;1;283;3;2;419.46;826.29;838.92
SO43675;6;2017-07-14;2017-07-24;2017-07-21;319;670;1;283;3;2;874.79;1769.42;1749.58
SO43675;7;2017-07-14;2017-07-24;2017-07-21;223;670;1;283;3;2;5.19;11.41;10.38
SO43675;8;2017-07-14;2017-07-24;2017-07-21;315;670;1;283;3;1;874.79;884.71;874.79
SO43675;9;2017-07-14;2017-07-24;2017-07-21;232;670;1;283;3;3;28.84;95.17;86.52
SO43676;1;2017-07-15;2017-07-25;2017-07-22;349;17;1;281;5;2;2024.99;3796.19;4049.98
SO43676;2;2017-07-15;2017-07-25;2017-07-22;351;17;1;281;5;2;2024.99;3796.19;4049.98
SO43676;3;2017-07-15;2017-07-25;2017-07-22;219;17;1;281;5;1;5.70;3.40;5.70
SO43676;4;2017-07-15;2017-07-25;2017-07-22;348;17;1;281;5;3;2024.99;5694.28;6074.97
SO43676;5;2017-07-15;2017-07-25;2017-07-22;218;17;1;281;5;4;5.70;13.59;22.80
SO43677;1;2017-07-16;2017-07-26;2017-07-23;232;679;1;284;6;3;28.84;95.17;86.52
SO43677;2;2017-07-16;2017-07-26;2017-07-23;314;679;1;284;6;1;2146.96;2171.29;2146.96
SO43677;3;2017-07-16;2017-07-26;2017-07-23;319;679;1;284;6;1;874.79;884.71;874.79
SO43677;4;2017-07-16;2017-07-26;2017-07-23;342;679;1;284;6;1;419.46;413.15;419.46
SO43677;5;2017-07-16;2017-07-26;2017-07-23;215;679;1;284;6;2;20.19;24.06;40.38
SO43677;6;2017-07-16;2017-07-26;2017-07-23;322;679;1;284;6;4;419.46;1652.59;1677.84
SO43677;7;2017-07-16;2017-07-26;2017-07-23;332;679;1;284;6;2;419.46;826.29;838.92
SO43677;8;2017-07-16;2017-07-26;2017-07-23;328;679;1;284;6;1;419.46;413.15;419.46
SO43677;9;2017-07-16;2017-07-26;2017-07-23;223;679;1;284;6;5;5.19;28.53;25.95
SO43677;10;2017-07-16;2017-07-26;2017-07-23;212;679;1;284;6;1;20.19;12.03;20.19
SO43677;11;2017-07-16;2017-07-26;2017-07-23;315;679;1;284;6;1;874.79;884.71;874.79
SO43677;12;2017-07-16;2017-07-26;2017-07-23;270;679;1;284;6;2;183.94;362.97;367.88
SO43678;1;2017-07-18;2017-07-28;2017-07-25;322;203;1;287;4;1;419.46;413.15;419.46
SO43678;2;2017-07-18;2017-07-28;2017-07-25;285;203;1;287;4;2;178.58;352.40;357.16
SO43678;3;2017-07-18;2017-07-28;2017-07-25;332;203;1;287;4;1;419.46;413.15;419.46
SO43678;4;2017-07-18;2017-07-28;2017-07-25;275;203;1;287;4;2;356.90;704.28;713.80
SO43678;5;2017-07-18;2017-07-28;2017-07-25;326;203;1;287;4;3;419.46;1239.44;1258.38
SO43678;6;2017-07-18;2017-07-28;2017-07-25;324;203;1;287;4;2;419.46;826.29;838.92
SO43678;7;2017-07-18;2017-07-28;2017-07-25;223;203;1;287;4;3;5.19;17.12;15.57
SO43678;8;2017-07-18;2017-07-28;2017-07-25;215;203;1;287;4;4;20.19;48.11;80.76
SO43678;9;2017-07-18;2017-07-28;2017-07-25;270;203;1;287;4;2;183.94;362.97;367.88
SO43678;10;2017-07-18;2017-07-28;2017-07-25;317;203;1;287;4;1;874.79;884.71;874.79
SO43678;11;2017-07-18;2017-07-28;2017-07-25;262;203;1;287;4;2;183.94;362.97;367.88
SO43678;12;2017-07-18;2017-07-28;2017-07-25;235;203;1;287;4;1;28.84;31.72;28.84
SO43678;13;2017-07-18;2017-07-28;2017-07-25;342;203;1;287;4;1;419.46;413.15;419.46
SO43678;14;2017-07-18;2017-07-28;2017-07-25;319;203;1;287;4;2;874.79;1769.42;1749.58
SO43678;15;2017-07-18;2017-07-28;2017-07-25;232;203;1;287;4;2;28.84;63.45;57.68
SO43678;16;2017-07-18;2017-07-28;2017-07-25;315;203;1;287;4;1;874.79;884.71;874.79
SO43678;17;2017-07-18;2017-07-28;2017-07-25;316;203;1;287;4;1;874.79;884.71;874.79
SO43678;18;2017-07-18;2017-07-28;2017-07-25;220;203;1;287;4;3;20.19;36.08;60.57
SO43678;19;2017-07-18;2017-07-28;2017-07-25;212;203;1;287;4;1;20.19;12.03;20.19
SO43679;1;2017-07-18;2017-07-28;2017-07-25;322;480;1;284;6;1;419.46;413.15;419.46
SO43679;2;2017-07-18;2017-07-28;2017-07-25;342;480;1;284;6;2;419.46;826.29;838.92
SO43679;3;2017-07-18;2017-07-28;2017-07-25;232;480;1;284;6;2;28.84;63.45;57.68
SO43680;1;2017-07-18;2017-07-28;2017-07-25;322;491;1;287;4;3;419.46;1239.44;1258.38
SO43680;2;2017-07-18;2017-07-28;2017-07-25;317;491;1;287;4;2;874.79;1769.42;1749.58
SO43680;3;2017-07-18;2017-07-28;2017-07-25;285;491;1;287;4;2;178.58;352.40;357.16
SO43680;4;2017-07-18;2017-07-28;2017-07-25;212;491;1;287;4;4;20.19;48.11;80.76
SO43680;5;2017-07-18;2017-07-28;2017-07-25;270;491;1;287;4;1;183.94;181.49;183.94
SO43680;6;2017-07-18;2017-07-28;2017-07-25;220;491;1;287;4;1;20.19;12.03;20.19
SO43680;7;2017-07-18;2017-07-28;2017-07-25;232;491;1;287;4;2;28.84;63.45;57.68
SO43680;8;2017-07-18;2017-07-28;2017-07-25;262;491;1;287;4;2;183.94;362.97;367.88
SO43680;9;2017-07-18;2017-07-28;2017-07-25;319;491;1;287;4;1;874.79;884.71;874.79
SO43680;10;2017-07-18;2017-07-28;2017-07-25;324;491;1;287;4;1;419.46;413.15;419.46
SO43680;11;2017-07-18;2017-07-28;2017-07-25;314;491;1;287;4;2;2146.96;4342.59;4293.92
SO43680;12;2017-07-18;2017-07-28;2017-07-25;215;491;1;287;4;2;20.19;24.06;40.38
SO43680;13;2017-07-18;2017-07-28;2017-07-25;332;491;1;287;4;3;419.46;1239.44;1258.38
SO43680;14;2017-07-18;2017-07-28;2017-07-25;223;491;1;287;4;3;5.19;17.12;15.57
SO43680;15;2017-07-18;2017-07-28;2017-07-25;328;491;1;287;4;1;419.46;413.15;419.46
SO43681;1;2017-07-19;2017-07-29;2017-07-26;232;423;1;285;5;6;28.84;190.35;173.04
SO43681;2;2017-07-19;2017-07-29;2017-07-26;326;423;1;285;5;5;419.46;2065.73;2097.30
SO43681;3;2017-07-19;2017-07-29;2017-07-26;275;423;1;285;5;1;356.90;352.14;356.90
SO43681;4;2017-07-19;2017-07-29;2017-07-26;212;423;1;285;5;1;20.19;12.03;20.19
SO43681;5;2017-07-19;2017-07-29;2017-07-26;270;423;1;285;5;1;183.94;181.49;183.94
SO43681;6;2017-07-19;2017-07-29;2017-07-26;215;423;1;285;5;2;20.19;24.06;40.38
SO43681;7;2017-07-19;2017-07-29;2017-07-26;342;423;1;285;5;3;419.46;1239.44;1258.38
SO43681;8;2017-07-19;2017-07-29;2017-07-26;272;423;1;285;5;2;183.94;362.97;367.88
SO43681;9;2017-07-19;2017-07-29;2017-07-26;319;423;1;285;5;3;874.79;2654.12;2624.37
SO43681;10;2017-07-19;2017-07-29;2017-07-26;338;423;1;285;5;1;419.46;413.15;419.46
SO43681;11;2017-07-19;2017-07-29;2017-07-26;324;423;1;285;5;2;419.46;826.29;838.92
SO43681;12;2017-07-19;2017-07-29;2017-07-26;285;423;1;285;5;2;178.58;352.40;357.16
SO43681;13;2017-07-19;2017-07-29;2017-07-26;314;423;1;285;5;1;2146.96;2171.29;2146.96
SO43681;14;2017-07-19;2017-07-29;2017-07-26;229;423;1;285;5;2;28.84;63.45;57.68
SO43681;15;2017-07-19;2017-07-29;2017-07-26;330;423;1;285;5;2;419.46;826.29;838.92
SO43681;16;2017-07-19;2017-07-29;2017-07-26;322;423;1;285;5;2;419.46;826.29;838.92
SO43681;17;2017-07-19;2017-07-29;2017-07-26;317;423;1;285;5;1;874.79;884.71;874.79
SO43681;18;2017-07-19;2017-07-29;2017-07-26;235;423;1;285;5;2;28.84;63.45;57.68
SO43681;19;2017-07-19;2017-07-29;2017-07-26;220;423;1;285;5;2;20.19;24.06;40.38
SO43681;20;2017-07-19;2017-07-29;2017-07-26;262;423;1;285;5;1;183.94;181.49;183.94
SO43681;21;2017-07-19;2017-07-29;2017-07-26;223;423;1;285;5;2;5.19;11.41;10.38
SO43682;1;2017-07-19;2017-07-29;2017-07-26;319;486;1;281;2;2;874.79;1769.42;1749.58
SO43682;2;2017-07-19;2017-07-29;2017-07-26;326;486;1;281;2;1;419.46;413.15;419.46
SO43682;3;2017-07-19;2017-07-29;2017-07-26;322;486;1;281;2;2;419.46;826.29;838.92
SO43682;4;2017-07-19;2017-07-29;2017-07-26;342;486;1;281;2;2;419.46;826.29;838.92
SO43682;5;2017-07-19;2017-07-29;2017-07-26;232;486;1;281;2;1;28.84;31.72;28.84
SO43683;1;2017-07-19;2017-07-29;2017-07-26;349;506;1;289;1;2;2024.99;3796.19;4049.98
SO43683;2;2017-07-19;2017-07-29;2017-07-26;232;506;1;289;1;2;28.84;63.45;57.68
SO43683;3;2017-07-19;2017-07-29;2017-07-26;346;506;1;289;1;2;2039.99;3824.31;4079.98
SO43683;4;2017-07-19;2017-07-29;2017-07-26;347;506;1;289;1;1;2039.99;1912.15;2039.99
SO43683;5;2017-07-19;2017-07-29;2017-07-26;215;506;1;289;1;1;20.19;12.03;20.19
SO43683;6;2017-07-19;2017-07-29;2017-07-26;220;506;1;289;1;2;20.19;24.06;40.38
SO43683;7;2017-07-19;2017-07-29;2017-07-26;223;506;1;289;1;3;5.19;17.12;15.57
SO43683;8;2017-07-19;2017-07-29;2017-07-26;348;506;1;289;1;4;2024.99;7592.38;8099.96
SO43683;9;2017-07-19;2017-07-29;2017-07-26;350;506;1;289;1;6;2024.99;11388.57;12149.94
SO43683;10;2017-07-19;2017-07-29;2017-07-26;345;506;1;289;1;1;2039.99;1912.15;2039.99
SO43683;11;2017-07-19;2017-07-29;2017-07-26;212;506;1;289;1;3;20.19;36.08;60.57
SO43683;12;2017-07-19;2017-07-29;2017-07-26;351;506;1;289;1;5;2024.99;9490.47;10124.95
SO43683;13;2017-07-19;2017-07-29;2017-07-26;218;506;1;289;1;6;5.70;20.38;34.20
SO43684;1;2017-07-21;2017-07-31;2017-07-28;315;549;1;285;5;2;874.79;1769.42;1749.58
SO43684;2;2017-07-21;2017-07-31;2017-07-28;326;549;1;285;5;2;419.46;826.29;838.92
SO43684;3;2017-07-21;2017-07-31;2017-07-28;322;549;1;285;5;1;419.46;413.15;419.46
SO43684;4;2017-07-21;2017-07-31;2017-07-28;319;549;1;285;5;2;874.79;1769.42;1749.58
SO43684;5;2017-07-21;2017-07-31;2017-07-28;342;549;1;285;5;1;419.46;413.15;419.46
SO43684;6;2017-07-21;2017-07-31;2017-07-28;328;549;1;285;5;1;419.46;413.15;419.46
SO43685;1;2017-07-21;2017-07-31;2017-07-28;332;458;1;285;5;3;419.46;1239.44;1258.38
SO43685;2;2017-07-21;2017-07-31;2017-07-28;328;458;1;285;5;1;419.46;413.15;419.46
SO43685;3;2017-07-21;2017-07-31;2017-07-28;315;458;1;285;5;1;874.79;884.71;874.79
SO43685;4;2017-07-21;2017-07-31;2017-07-28;262;458;1;285;5;1;183.94;181.49;183.94
SO43686;1;2017-07-22;2017-08-01;2017-07-29;319;344;1;289;1;3;874.79;2654.12;2624.37
SO43686;2;2017-07-22;2017-08-01;2017-07-29;326;344;1;289;1;1;419.46;413.15;419.46
SO43686;3;2017-07-22;2017-08-01;2017-07-29;342;344;1;289;1;1;419.46;413.15;419.46
SO43687;1;2017-07-23;2017-08-02;2017-07-30;338;269;1;281;2;1;419.46;413.15;419.46
SO43687;2;2017-07-23;2017-08-02;2017-07-30;332;269;1;281;2;2;419.46;826.29;838.92
SO43688;1;2017-07-23;2017-08-02;2017-07-30;262;161;1;281;2;1;183.94;181.49;183.94
SO43688;2;2017-07-23;2017-08-02;2017-07-30;322;161;1;281;2;2;419.46;826.29;838.92
SO43688;3;2017-07-23;2017-08-02;2017-07-30;326;161;1;281;2;3;419.46;1239.44;1258.38
SO43688;4;2017-07-23;2017-08-02;2017-07-30;285;161;1;281;2;1;178.58;176.20;178.58
SO43688;5;2017-07-23;2017-08-02;2017-07-30;328;161;1;281;2;1;419.46;413.15;419.46
SO43688;6;2017-07-23;2017-08-02;2017-07-30;270;161;1;281;2;2;183.94;362.97;367.88
SO43688;7;2017-07-23;2017-08-02;2017-07-30;315;161;1;281;2;2;874.79;1769.42;1749.58
SO43688;8;2017-07-23;2017-08-02;2017-07-30;319;161;1;281;2;2;874.79;1769.42;1749.58
SO43688;9;2017-07-23;2017-08-02;2017-07-30;332;161;1;281;2;3;419.46;1239.44;1258.38
SO43688;10;2017-07-23;2017-08-02;2017-07-30;342;161;1;281;2;1;419.46;413.15;419.46
SO43688;11;2017-07-23;2017-08-02;2017-07-30;314;161;1;281;2;2;2146.96;4342.59;4293.92
SO43689;1;2017-07-24;2017-08-03;2017-07-31;330;166;1;283;4;3;419.46;1239.44;1258.38
SO43689;2;2017-07-24;2017-08-03;2017-07-31;285;166;1;283;4;2;178.58;352.40;357.16
SO43689;3;2017-07-24;2017-08-03;2017-07-31;262;166;1;283;4;2;183.94;362.97;367.88
SO43689;4;2017-07-24;2017-08-03;2017-07-31;314;166;1;283;4;1;2146.96;2171.29;2146.96
SO43689;5;2017-07-24;2017-08-03;2017-07-31;316;166;1;283;4;2;874.79;1769.42;1749.58
SO43689;6;2017-07-24;2017-08-03;2017-07-31;334;166;1;283;4;4;419.46;1652.59;1677.84
SO43689;7;2017-07-24;2017-08-03;2017-07-31;342;166;1;283;4;2;419.46;826.29;838.92
SO43689;8;2017-07-24;2017-08-03;2017-07-31;322;166;1;283;4;7;419.46;2892.02;2936.22
SO43689;9;2017-07-24;2017-08-03;2017-07-31;264;166;1;283;4;3;183.94;544.46;551.82
SO43689;10;2017-07-24;2017-08-03;2017-07-31;253;166;1;283;4;1;178.58;176.20;178.58
SO43689;11;2017-07-24;2017-08-03;2017-07-31;328;166;1;283;4;6;419.46;2478.88;2516.76
SO43689;12;2017-07-24;2017-08-03;2017-07-31;270;166;1;283;4;2;183.94;362.97;367.88
SO43689;13;2017-07-24;2017-08-03;2017-07-31;272;166;1;283;4;2;183.94;362.97;367.88
SO43689;14;2017-07-24;2017-08-03;2017-07-31;275;166;1;283;4;2;356.90;704.28;713.80
SO43689;15;2017-07-24;2017-08-03;2017-07-31;332;166;1;283;4;5;419.46;2065.73;2097.30
SO43689;16;2017-07-24;2017-08-03;2017-07-31;338;166;1;283;4;2;419.46;826.29;838.92
SO43689;17;2017-07-24;2017-08-03;2017-07-31;324;166;1;283;4;2;419.46;826.29;838.92
SO43689;18;2017-07-24;2017-08-03;2017-07-31;319;166;1;283;4;3;874.79;2654.12;2624.37
SO43689;19;2017-07-24;2017-08-03;2017-07-31;310;166;1;283;4;2;2146.96;4342.59;4293.92
SO43689;20;2017-07-24;2017-08-03;2017-07-31;326;166;1;283;4;9;419.46;3718.32;3775.14
SO43689;21;2017-07-24;2017-08-03;2017-07-31;315;166;1;283;4;4;874.79;3538.83;3499.16
SO43690;1;2017-07-25;2017-08-04;2017-08-01;232;431;1;281;3;1;28.84;31.72;28.84
SO43690;2;2017-07-25;2017-08-04;2017-08-01;342;431;1;281;3;1;419.46;413.15;419.46
SO43690;3;2017-07-25;2017-08-04;2017-08-01;223;431;1;281;3;2;5.19;11.41;10.38
SO43690;4;2017-07-25;2017-08-04;2017-08-01;322;431;1;281;3;2;419.46;826.29;838.92
SO43691;1;2017-07-25;2017-08-04;2017-08-01;319;292;1;283;4;1;874.79;884.71;874.79
SO43692;1;2017-07-27;2017-08-06;2017-08-03;342;221;1;287;4;5;419.46;2065.73;2097.30
SO43692;2;2017-07-27;2017-08-06;2017-08-03;262;221;1;287;4;1;183.94;181.49;183.94
SO43692;3;2017-07-27;2017-08-06;2017-08-03;315;221;1;287;4;8;874.79;7077.67;6998.32
SO43692;4;2017-07-27;2017-08-06;2017-08-03;272;221;1;287;4;2;183.94;362.97;367.88
SO43692;5;2017-07-27;2017-08-06;2017-08-03;232;221;1;287;4;10;28.84;317.24;288.40
SO43692;6;2017-07-27;2017-08-06;2017-08-03;338;221;1;287;4;1;419.46;413.15;419.46
SO43692;7;2017-07-27;2017-08-06;2017-08-03;317;221;1;287;4;4;874.79;3538.83;3499.16
SO43692;8;2017-07-27;2017-08-06;2017-08-03;285;221;1;287;4;2;178.58;352.40;357.16
SO43692;9;2017-07-27;2017-08-06;2017-08-03;319;221;1;287;4;8;874.79;7077.67;6998.32
SO43692;10;2017-07-27;2017-08-06;2017-08-03;215;221;1;287;4;3;20.19;36.08;60.57
SO43692;11;2017-07-27;2017-08-06;2017-08-03;326;221;1;287;4;6;419.46;2478.88;2516.76
SO43692;12;2017-07-27;2017-08-06;2017-08-03;275;221;1;287;4;3;356.90;1056.42;1070.70
SO43692;13;2017-07-27;2017-08-06;2017-08-03;223;221;1;287;4;6;5.19;34.23;31.14
SO43692;14;2017-07-27;2017-08-06;2017-08-03;229;221;1;287;4;4;28.84;126.90;115.36
SO43692;15;2017-07-27;2017-08-06;2017-08-03;322;221;1;287;4;7;419.46;2892.02;2936.22
SO43692;16;2017-07-27;2017-08-06;2017-08-03;316;221;1;287;4;2;874.79;1769.42;1749.58
SO43692;17;2017-07-27;2017-08-06;2017-08-03;235;221;1;287;4;4;28.84;126.90;115.36
SO43692;18;2017-07-27;2017-08-06;2017-08-03;332;221;1;287;4;2;419.46;826.29;838.92
SO43692;19;2017-07-27;2017-08-06;2017-08-03;330;221;1;287;4;1;419.46;413.15;419.46
SO43692;20;2017-07-27;2017-08-06;2017-08-03;314;221;1;287;4;2;2146.96;4342.59;4293.92
SO43692;21;2017-07-27;2017-08-06;2017-08-03;334;221;1;287;4;1;419.46;413.15;419.46
SO43692;22;2017-07-27;2017-08-06;2017-08-03;253;221;1;287;4;1;178.58;176.20;178.58
SO43692;23;2017-07-27;2017-08-06;2017-08-03;324;221;1;287;4;3;419.46;1239.44;1258.38
SO43692;24;2017-07-27;2017-08-06;2017-08-03;220;221;1;287;4;3;20.19;36.08;60.57
SO43692;25;2017-07-27;2017-08-06;2017-08-03;328;221;1;287;4;1;419.46;413.15;419.46
SO43692;26;2017-07-27;2017-08-06;2017-08-03;270;221;1;287;4;2;183.94;362.97;367.88
SO43692;27;2017-07-27;2017-08-06;2017-08-03;212;221;1;287;4;4;20.19;48.11;80.76
SO43692;28;2017-07-27;2017-08-06;2017-08-03;264;221;1;287;4;2;183.94;362.97;367.88
SO43693;1;2017-07-27;2017-08-06;2017-08-03;235;485;1;281;5;3;28.84;95.17;86.52
SO43693;2;2017-07-27;2017-08-06;2017-08-03;346;485;1;281;5;1;2039.99;1912.15;2039.99
SO43693;3;2017-07-27;2017-08-06;2017-08-03;218;485;1;281;5;6;5.70;20.38;34.20
SO43693;4;2017-07-27;2017-08-06;2017-08-03;212;485;1;281;5;2;20.19;24.06;40.38
SO43693;5;2017-07-27;2017-08-06;2017-08-03;344;485;1;281;5;3;2039.99;5736.46;6119.97
SO43693;6;2017-07-27;2017-08-06;2017-08-03;215;485;1;281;5;2;20.19;24.06;40.38
SO43693;7;2017-07-27;2017-08-06;2017-08-03;347;485;1;281;5;1;2039.99;1912.15;2039.99
SO43693;8;2017-07-27;2017-08-06;2017-08-03;350;485;1;281;5;3;2024.99;5694.28;6074.97
SO43693;9;2017-07-27;2017-08-06;2017-08-03;345;485;1;281;5;1;2039.99;1912.15;2039.99
SO43693;10;2017-07-27;2017-08-06;2017-08-03;351;485;1;281;5;1;2024.99;1898.09;2024.99
SO43694;1;2017-07-30;2017-08-09;2017-08-06;349;315;1;285;5;3;2024.99;5694.28;6074.97
SO43694;2;2017-07-30;2017-08-09;2017-08-06;344;315;1;285;5;3;2039.99;5736.46;6119.97
SO43694;3;2017-07-30;2017-08-09;2017-08-06;232;315;1;285;5;2;28.84;63.45;57.68
SO43694;4;2017-07-30;2017-08-09;2017-08-06;345;315;1;285;5;1;2039.99;1912.15;2039.99
SO43694;5;2017-07-30;2017-08-09;2017-08-06;235;315;1;285;5;3;28.84;95.17;86.52
SO43694;6;2017-07-30;2017-08-09;2017-08-06;212;315;1;285;5;1;20.19;12.03;20.19
SO43694;7;2017-07-30;2017-08-09;2017-08-06;215;315;1;285;5;1;20.19;12.03;20.19
SO43694;8;2017-07-30;2017-08-09;2017-08-06;347;315;1;285;5;1;2039.99;1912.15;2039.99
SO43694;9;2017-07-30;2017-08-09;2017-08-06;346;315;1;285;5;2;2039.99;3824.31;4079.98
SO43694;10;2017-07-30;2017-08-09;2017-08-06;223;315;1;285;5;1;5.19;5.71;5.19
SO43694;11;2017-07-30;2017-08-09;2017-08-06;220;315;1;285;5;5;20.19;60.14;100.95
SO43695;1;2017-07-31;2017-08-10;2017-08-07;347;27;1;285;5;2;2039.99;3824.31;4079.98
SO43695;2;2017-07-31;2017-08-10;2017-08-07;307;27;1;285;5;2;722.59;1247.68;1445.18
SO43695;3;2017-07-31;2017-08-10;2017-08-07;304;27;1;285;5;1;714.70;617.03;714.70
SO43695;4;2017-07-31;2017-08-10;2017-08-07;293;27;1;285;5;1;722.59;623.84;722.59
SO43695;5;2017-07-31;2017-08-10;2017-08-07;350;27;1;285;5;5;2024.99;9490.47;10124.95
SO43695;6;2017-07-31;2017-08-10;2017-08-07;351;27;1;285;5;6;2024.99;11388.57;12149.94
SO43695;7;2017-07-31;2017-08-10;2017-08-07;218;27;1;285;5;2;5.70;6.79;11.40
SO43695;8;2017-07-31;2017-08-10;2017-08-07;348;27;1;285;5;5;2024.99;9490.47;10124.95
SO43696;1;2017-07-31;2017-08-10;2017-08-07;326;603;1;285;5;1;419.46;413.15;419.46
SO43843;1;2017-08-01;2017-08-11;2017-08-08;347;18;1;281;3;2;2039.99;3824.31;4079.98
SO43843;2;2017-08-01;2017-08-11;2017-08-08;351;18;1;281;3;2;2024.99;3796.19;4049.98
SO43843;3;2017-08-01;2017-08-11;2017-08-08;293;18;1;281;3;2;722.59;1247.68;1445.18
SO43843;4;2017-08-01;2017-08-11;2017-08-08;350;18;1;281;3;5;2024.99;9490.47;10124.95
SO43843;5;2017-08-01;2017-08-11;2017-08-08;307;18;1;281;3;2;722.59;1247.68;1445.18
SO43843;6;2017-08-01;2017-08-11;2017-08-08;292;18;1;281;3;1;818.70;706.81;818.70
SO43843;7;2017-08-01;2017-08-11;2017-08-08;300;18;1;281;3;1;809.76;699.09;809.76
SO43843;8;2017-08-01;2017-08-11;2017-08-08;344;18;1;281;3;2;2039.99;3824.31;4079.98
SO43843;9;2017-08-01;2017-08-11;2017-08-08;218;18;1;281;3;2;5.70;6.79;11.40
SO43843;10;2017-08-01;2017-08-11;2017-08-08;349;18;1;281;3;3;2024.99;5694.28;6074.97
SO43844;1;2017-08-01;2017-08-11;2017-08-08;348;353;1;288;6;4;2024.99;7592.38;8099.96
SO43844;2;2017-08-01;2017-08-11;2017-08-08;349;353;1;288;6;2;2024.99;3796.19;4049.98
SO43844;3;2017-08-01;2017-08-11;2017-08-08;350;353;1;288;6;3;2024.99;5694.28;6074.97
SO43844;4;2017-08-01;2017-08-11;2017-08-08;351;353;1;288;6;1;2024.99;1898.09;2024.99
SO43845;1;2017-08-01;2017-08-11;2017-08-08;262;206;1;285;5;1;183.94;181.49;183.94
SO43845;2;2017-08-01;2017-08-11;2017-08-08;232;206;1;285;5;3;28.84;95.17;86.52
SO43845;3;2017-08-01;2017-08-11;2017-08-08;342;206;1;285;5;1;419.46;413.15;419.46
SO43845;4;2017-08-01;2017-08-11;2017-08-08;328;206;1;285;5;2;419.46;826.29;838.92
SO43845;5;2017-08-01;2017-08-11;2017-08-08;324;206;1;285;5;2;419.46;826.29;838.92
SO43845;6;2017-08-01;2017-08-11;2017-08-08;315;206;1;285;5;1;874.79;884.71;874.79
SO43845;7;2017-08-01;2017-08-11;2017-08-08;332;206;1;285;5;2;419.46;826.29;838.92
SO43845;8;2017-08-01;2017-08-11;2017-08-08;314;206;1;285;5;2;2146.96;4342.59;4293.92
SO43845;9;2017-08-01;2017-08-11;2017-08-08;270;206;1;285;5;1;183.94;181.49;183.94
SO43845;10;2017-08-01;2017-08-11;2017-08-08;223;206;1;285;5;4;5.19;22.82;20.76
SO43846;1;2017-08-02;2017-08-12;2017-08-09;270;318;1;284;6;3;183.94;544.46;551.82
SO43846;2;2017-08-02;2017-08-12;2017-08-09;223;318;1;284;6;1;5.19;5.71;5.19
SO43846;3;2017-08-02;2017-08-12;2017-08-09;285;318;1;284;6;1;178.58;176.20;178.58
SO43846;4;2017-08-02;2017-08-12;2017-08-09;262;318;1;284;6;1;183.94;181.49;183.94
SO43847;1;2017-08-03;2017-08-13;2017-08-10;232;210;1;284;6;1;28.84;31.72;28.84
SO43847;2;2017-08-03;2017-08-13;2017-08-10;223;210;1;284;6;1;5.19;5.71;5.19
SO43847;3;2017-08-03;2017-08-13;2017-08-10;319;210;1;284;6;1;874.79;884.71;874.79
SO43848;1;2017-08-03;2017-08-13;2017-08-10;346;164;1;289;1;1;2039.99;1912.15;2039.99
SO43848;2;2017-08-03;2017-08-13;2017-08-10;351;164;1;289;1;1;2024.99;1898.09;2024.99
SO43848;3;2017-08-03;2017-08-13;2017-08-10;348;164;1;289;1;1;2024.99;1898.09;2024.99
SO43848;4;2017-08-03;2017-08-13;2017-08-10;349;164;1;289;1;4;2024.99;7592.38;8099.96
SO43848;5;2017-08-03;2017-08-13;2017-08-10;344;164;1;289;1;2;2039.99;3824.31;4079.98
SO43849;1;2017-08-03;2017-08-13;2017-08-10;349;697;1;272;1;2;2024.99;3796.19;4049.98
SO43849;2;2017-08-03;2017-08-13;2017-08-10;229;697;1;272;1;1;28.84;31.72;28.84
SO43849;3;2017-08-03;2017-08-13;2017-08-10;350;697;1;272;1;2;2024.99;3796.19;4049.98
SO43849;4;2017-08-03;2017-08-13;2017-08-10;344;697;1;272;1;2;2039.99;3824.31;4079.98
SO43849;5;2017-08-03;2017-08-13;2017-08-10;220;697;1;272;1;1;20.19;12.03;20.19
SO43849;6;2017-08-03;2017-08-13;2017-08-10;346;697;1;272;1;1;2039.99;1912.15;2039.99
SO43849;7;2017-08-03;2017-08-13;2017-08-10;232;697;1;272;1;4;28.84;126.90;115.36
SO43849;8;2017-08-03;2017-08-13;2017-08-10;345;697;1;272;1;1;2039.99;1912.15;2039.99
SO43849;9;2017-08-03;2017-08-13;2017-08-10;212;697;1;272;1;1;20.19;12.03;20.19
SO43849;10;2017-08-03;2017-08-13;2017-08-10;347;697;1;272;1;2;2039.99;3824.31;4079.98
SO43849;11;2017-08-03;2017-08-13;2017-08-10;215;697;1;272;1;1;20.19;12.03;20.19
SO43850;1;2017-08-03;2017-08-13;2017-08-10;332;191;1;288;6;1;419.46;413.15;419.46
SO43850;2;2017-08-03;2017-08-13;2017-08-10;316;191;1;288;6;1;874.79;884.71;874.79
SO43850;3;2017-08-03;2017-08-13;2017-08-10;324;191;1;288;6;1;419.46;413.15;419.46
SO43850;4;2017-08-03;2017-08-13;2017-08-10;326;191;1;288;6;2;419.46;826.29;838.92
SO43850;5;2017-08-03;2017-08-13;2017-08-10;314;191;1;288;6;1;2146.96;2171.29;2146.96
SO43850;6;2017-08-03;2017-08-13;2017-08-10;262;191;1;288;6;3;183.94;544.46;551.82
SO43850;7;2017-08-03;2017-08-13;2017-08-10;270;191;1;288;6;1;183.94;181.49;183.94
SO43850;8;2017-08-03;2017-08-13;2017-08-10;319;191;1;288;6;3;874.79;2654.12;2624.37
SO43850;9;2017-08-03;2017-08-13;2017-08-10;317;191;1;288;6;1;874.79;884.71;874.79
SO43850;10;2017-08-03;2017-08-13;2017-08-10;275;191;1;288;6;3;356.90;1056.42;1070.70
SO43850;11;2017-08-03;2017-08-13;2017-08-10;285;191;1;288;6;1;178.58;176.20;178.58
SO43851;1;2017-08-04;2017-08-14;2017-08-11;324;558;1;281;2;2;419.46;826.29;838.92
SO43851;2;2017-08-04;2017-08-14;2017-08-11;322;558;1;281;2;1;419.46;413.15;419.46
SO43851;3;2017-08-04;2017-08-14;2017-08-11;220;558;1;281;2;1;20.19;12.03;20.19
SO43851;4;2017-08-04;2017-08-14;2017-08-11;342;558;1;281;2;3;419.46;1239.44;1258.38
SO43851;5;2017-08-04;2017-08-14;2017-08-11;212;558;1;281;2;1;20.19;12.03;20.19
SO43851;6;2017-08-04;2017-08-14;2017-08-11;262;558;1;281;2;1;183.94;181.49;183.94
SO43851;7;2017-08-04;2017-08-14;2017-08-11;315;558;1;281;2;1;874.79;884.71;874.79
SO43851;8;2017-08-04;2017-08-14;2017-08-11;285;558;1;281;2;3;178.58;528.60;535.74
SO43851;9;2017-08-04;2017-08-14;2017-08-11;314;558;1;281;2;1;2146.96;2171.29;2146.96
SO43851;10;2017-08-04;2017-08-14;2017-08-11;332;558;1;281;2;1;419.46;413.15;419.46
SO43851;11;2017-08-04;2017-08-14;2017-08-11;223;558;1;281;2;1;5.19;5.71;5.19
SO43851;12;2017-08-04;2017-08-14;2017-08-11;215;558;1;281;2;3;20.19;36.08;60.57
SO43852;1;2017-08-04;2017-08-14;2017-08-11;349;568;1;288;6;1;2024.99;1898.09;2024.99
SO43853;1;2017-08-05;2017-08-15;2017-08-12;350;11;1;288;6;2;2024.99;3796.19;4049.98
SO43853;2;2017-08-05;2017-08-15;2017-08-12;346;11;1;288;6;1;2039.99;1912.15;2039.99
SO43853;3;2017-08-05;2017-08-15;2017-08-12;344;11;1;288;6;1;2039.99;1912.15;2039.99
SO43853;4;2017-08-05;2017-08-15;2017-08-12;349;11;1;288;6;4;2024.99;7592.38;8099.96
SO43853;5;2017-08-05;2017-08-15;2017-08-12;348;11;1;288;6;2;2024.99;3796.19;4049.98
SO43853;6;2017-08-05;2017-08-15;2017-08-12;351;11;1;288;6;3;2024.99;5694.28;6074.97
SO43854;1;2017-08-05;2017-08-15;2017-08-12;319;208;1;288;6;2;874.79;1769.42;1749.58
SO43855;1;2017-08-05;2017-08-15;2017-08-12;332;102;1;284;6;2;419.46;826.29;838.92
SO43855;2;2017-08-05;2017-08-15;2017-08-12;322;102;1;284;6;2;419.46;826.29;838.92
SO43855;3;2017-08-05;2017-08-15;2017-08-12;314;102;1;284;6;1;2146.96;2171.29;2146.96
SO43855;4;2017-08-05;2017-08-15;2017-08-12;324;102;1;284;6;4;419.46;1652.59;1677.84
SO43855;5;2017-08-05;2017-08-15;2017-08-12;285;102;1;284;6;1;178.58;176.20;178.58
SO43855;6;2017-08-05;2017-08-15;2017-08-12;326;102;1;284;6;3;419.46;1239.44;1258.38
SO43855;7;2017-08-05;2017-08-15;2017-08-12;275;102;1;284;6;2;356.90;704.28;713.80
SO43855;8;2017-08-05;2017-08-15;2017-08-12;334;102;1;284;6;1;419.46;413.15;419.46
SO43855;9;2017-08-05;2017-08-15;2017-08-12;264;102;1;284;6;1;183.94;181.49;183.94
SO43855;10;2017-08-05;2017-08-15;2017-08-12;342;102;1;284;6;2;419.46;826.29;838.92
SO43855;11;2017-08-05;2017-08-15;2017-08-12;262;102;1;284;6;1;183.94;181.49;183.94
SO43855;12;2017-08-05;2017-08-15;2017-08-12;316;102;1;284;6;1;874.79;884.71;874.79
SO43855;13;2017-08-05;2017-08-15;2017-08-12;338;102;1;284;6;2;419.46;826.29;838.92
SO43856;1;2017-08-06;2017-08-16;2017-08-13;218;389;1;288;6;2;5.70;6.79;11.40
SO43856;2;2017-08-06;2017-08-16;2017-08-13;350;389;1;288;6;1;2024.99;1898.09;2024.99
SO43857;1;2017-08-07;2017-08-17;2017-08-14;322;533;1;288;6;1;419.46;413.15;419.46
SO43857;2;2017-08-07;2017-08-17;2017-08-14;332;533;1;288;6;1;419.46;413.15;419.46
SO43857;3;2017-08-07;2017-08-17;2017-08-14;326;533;1;288;6;2;419.46;826.29;838.92
SO43857;4;2017-08-07;2017-08-17;2017-08-14;319;533;1;288;6;3;874.79;2654.12;2624.37
SO43857;5;2017-08-07;2017-08-17;2017-08-14;232;533;1;288;6;1;28.84;31.72;28.84
SO43857;6;2017-08-07;2017-08-17;2017-08-14;223;533;1;288;6;3;5.19;17.12;15.57
SO43857;7;2017-08-07;2017-08-17;2017-08-14;235;533;1;288;6;1;28.84;31.72;28.84
SO43857;8;2017-08-07;2017-08-17;2017-08-14;262;533;1;288;6;1;183.94;181.49;183.94
SO43857;9;2017-08-07;2017-08-17;2017-08-14;220;533;1;288;6;2;20.19;24.06;40.38
SO43857;10;2017-08-07;2017-08-17;2017-08-14;215;533;1;288;6;1;20.19;12.03;20.19
SO43857;11;2017-08-07;2017-08-17;2017-08-14;285;533;1;288;6;2;178.58;352.40;357.16
SO43857;12;2017-08-07;2017-08-17;2017-08-14;328;533;1;288;6;1;419.46;413.15;419.46
SO43857;13;2017-08-07;2017-08-17;2017-08-14;315;533;1;288;6;2;874.79;1769.42;1749.58
SO43857;14;2017-08-07;2017-08-17;2017-08-14;212;533;1;288;6;2;20.19;24.06;40.38
SO43858;1;2017-08-08;2017-08-18;2017-08-15;326;36;1;281;2;2;419.46;826.29;838.92
SO43858;2;2017-08-08;2017-08-18;2017-08-15;324;36;1;281;2;2;419.46;826.29;838.92
SO43858;3;2017-08-08;2017-08-18;2017-08-15;342;36;1;281;2;5;419.46;2065.73;2097.30
SO43858;4;2017-08-08;2017-08-18;2017-08-15;332;36;1;281;2;1;419.46;413.15;419.46
SO43858;5;2017-08-08;2017-08-18;2017-08-15;285;36;1;281;2;2;178.58;352.40;357.16
SO43858;6;2017-08-08;2017-08-18;2017-08-15;328;36;1;281;2;3;419.46;1239.44;1258.38
SO43858;7;2017-08-08;2017-08-18;2017-08-15;315;36;1;281;2;2;874.79;1769.42;1749.58
SO43858;8;2017-08-08;2017-08-18;2017-08-15;253;36;1;281;2;1;178.58;176.20;178.58
SO43858;9;2017-08-08;2017-08-18;2017-08-15;314;36;1;281;2;2;2146.96;4342.59;4293.92
SO43858;10;2017-08-08;2017-08-18;2017-08-15;264;36;1;281;2;1;183.94;181.49;183.94
SO43858;11;2017-08-08;2017-08-18;2017-08-15;334;36;1;281;2;1;419.46;413.15;419.46
SO43858;12;2017-08-08;2017-08-18;2017-08-15;270;36;1;281;2;1;183.94;181.49;183.94
SO43858;13;2017-08-08;2017-08-18;2017-08-15;317;36;1;281;2;1;874.79;884.71;874.79
SO43859;1;2017-08-08;2017-08-18;2017-08-15;232;259;1;282;4;1;28.84;31.72;28.84
SO43859;2;2017-08-08;2017-08-18;2017-08-15;326;259;1;282;4;1;419.46;413.15;419.46
SO43859;3;2017-08-08;2017-08-18;2017-08-15;319;259;1;282;4;3;874.79;2654.12;2624.37
SO43859;4;2017-08-08;2017-08-18;2017-08-15;322;259;1;282;4;2;419.46;826.29;838.92
SO43860;1;2017-08-09;2017-08-19;2017-08-16;324;1;1;286;1;2;419.46;826.29;838.92
SO43860;2;2017-08-09;2017-08-19;2017-08-16;342;1;1;286;1;1;419.46;413.15;419.46
SO43860;3;2017-08-09;2017-08-19;2017-08-16;319;1;1;286;1;2;874.79;1769.42;1749.58
SO43860;4;2017-08-09;2017-08-19;2017-08-16;332;1;1;286;1;2;419.46;826.29;838.92
SO43860;5;2017-08-09;2017-08-19;2017-08-16;275;1;1;286;1;1;356.90;352.14;356.90
SO43860;6;2017-08-09;2017-08-19;2017-08-16;326;1;1;286;1;1;419.46;413.15;419.46
SO43860;7;2017-08-09;2017-08-19;2017-08-16;285;1;1;286;1;1;178.58;176.20;178.58
SO43860;8;2017-08-09;2017-08-19;2017-08-16;338;1;1;286;1;1;419.46;413.15;419.46
SO43860;9;2017-08-09;2017-08-19;2017-08-16;314;1;1;286;1;2;2146.96;4342.59;4293.92
SO43860;10;2017-08-09;2017-08-19;2017-08-16;270;1;1;286;1;1;183.94;181.49;183.94
SO43860;11;2017-08-09;2017-08-19;2017-08-16;328;1;1;286;1;1;419.46;413.15;419.46
SO43860;12;2017-08-09;2017-08-19;2017-08-16;317;1;1;286;1;1;874.79;884.71;874.79
SO43861;1;2017-08-10;2017-08-20;2017-08-17;275;584;1;285;5;1;356.90;352.14;356.90
SO43861;2;2017-08-10;2017-08-20;2017-08-17;330;584;1;285;5;3;419.46;1239.44;1258.38
SO43861;3;2017-08-10;2017-08-20;2017-08-17;342;584;1;285;5;5;419.46;2065.73;2097.30
SO43861;4;2017-08-10;2017-08-20;2017-08-17;338;584;1;285;5;2;419.46;826.29;838.92
SO43861;5;2017-08-10;2017-08-20;2017-08-17;262;584;1;285;5;1;183.94;181.49;183.94
SO43861;6;2017-08-10;2017-08-20;2017-08-17;232;584;1;285;5;9;28.84;285.52;259.56
SO43861;7;2017-08-10;2017-08-20;2017-08-17;332;584;1;285;5;4;419.46;1652.59;1677.84
SO43861;8;2017-08-10;2017-08-20;2017-08-17;314;584;1;285;5;1;2146.96;2171.29;2146.96
SO43861;9;2017-08-10;2017-08-20;2017-08-17;276;584;1;285;5;2;356.90;704.28;713.80
SO43861;10;2017-08-10;2017-08-20;2017-08-17;272;584;1;285;5;2;183.94;362.97;367.88
SO43861;11;2017-08-10;2017-08-20;2017-08-17;334;584;1;285;5;2;419.46;826.29;838.92
SO43861;12;2017-08-10;2017-08-20;2017-08-17;220;584;1;285;5;4;20.19;48.11;80.76
SO43861;13;2017-08-10;2017-08-20;2017-08-17;315;584;1;285;5;3;874.79;2654.12;2624.37
SO43861;14;2017-08-10;2017-08-20;2017-08-17;317;584;1;285;5;2;874.79;1769.42;1749.58
SO43861;15;2017-08-10;2017-08-20;2017-08-17;270;584;1;285;5;2;183.94;362.97;367.88
SO43861;16;2017-08-10;2017-08-20;2017-08-17;322;584;1;285;5;4;419.46;1652.59;1677.84
SO43861;17;2017-08-10;2017-08-20;2017-08-17;316;584;1;285;5;2;874.79;1769.42;1749.58
SO43861;18;2017-08-10;2017-08-20;2017-08-17;235;584;1;285;5;6;28.84;190.35;173.04
SO43861;19;2017-08-10;2017-08-20;2017-08-17;328;584;1;285;5;2;419.46;826.29;838.92
SO43861;20;2017-08-10;2017-08-20;2017-08-17;319;584;1;285;5;2;874.79;1769.42;1749.58
SO43861;21;2017-08-10;2017-08-20;2017-08-17;223;584;1;285;5;9;5.19;51.35;46.71
SO43861;22;2017-08-10;2017-08-20;2017-08-17;324;584;1;285;5;2;419.46;826.29;838.92
SO43861;23;2017-08-10;2017-08-20;2017-08-17;212;584;1;285;5;4;20.19;48.11;80.76
SO43861;24;2017-08-10;2017-08-20;2017-08-17;285;584;1;285;5;1;178.58;176.20;178.58
SO43861;25;2017-08-10;2017-08-20;2017-08-17;229;584;1;285;5;3;28.84;95.17;86.52
SO43861;26;2017-08-10;2017-08-20;2017-08-17;253;584;1;285;5;2;178.58;352.40;357.16
SO43861;27;2017-08-10;2017-08-20;2017-08-17;215;584;1;285;5;3;20.19;36.08;60.57
SO43862;1;2017-08-11;2017-08-21;2017-08-18;344;99;1;285;5;4;2039.99;7648.62;8159.96
SO43862;2;2017-08-11;2017-08-21;2017-08-18;292;99;1;285;5;1;818.70;706.81;818.70
SO43862;3;2017-08-11;2017-08-21;2017-08-18;350;99;1;285;5;3;2024.99;5694.28;6074.97
SO43862;4;2017-08-11;2017-08-21;2017-08-18;346;99;1;285;5;4;2039.99;7648.62;8159.96
SO43862;5;2017-08-11;2017-08-21;2017-08-18;304;99;1;285;5;2;714.70;1234.06;1429.40
SO43862;6;2017-08-11;2017-08-21;2017-08-18;307;99;1;285;5;2;722.59;1247.68;1445.18
SO43862;7;2017-08-11;2017-08-21;2017-08-18;347;99;1;285;5;2;2039.99;3824.31;4079.98
SO43862;8;2017-08-11;2017-08-21;2017-08-18;300;99;1;285;5;1;809.76;699.09;809.76
SO43862;9;2017-08-11;2017-08-21;2017-08-18;218;99;1;285;5;4;5.70;13.59;22.80
SO43863;1;2017-08-11;2017-08-21;2017-08-18;319;471;1;283;4;1;874.79;884.71;874.79
SO43863;2;2017-08-11;2017-08-21;2017-08-18;223;471;1;283;4;1;5.19;5.71;5.19
SO43863;3;2017-08-11;2017-08-21;2017-08-18;322;471;1;283;4;1;419.46;413.15;419.46
SO43863;4;2017-08-11;2017-08-21;2017-08-18;326;471;1;283;4;1;419.46;413.15;419.46
SO43864;1;2017-08-12;2017-08-22;2017-08-19;345;384;1;282;4;5;2039.99;9560.77;10199.95
SO43864;2;2017-08-12;2017-08-22;2017-08-19;304;384;1;282;4;1;714.70;617.03;714.70
SO43864;3;2017-08-12;2017-08-22;2017-08-19;292;384;1;282;4;2;818.70;1413.62;1637.40
SO43864;4;2017-08-12;2017-08-22;2017-08-19;351;384;1;282;4;2;2024.99;3796.19;4049.98
SO43864;5;2017-08-12;2017-08-22;2017-08-19;349;384;1;282;4;4;2024.99;7592.38;8099.96
SO43864;6;2017-08-12;2017-08-22;2017-08-19;307;384;1;282;4;1;722.59;623.84;722.59
SO43864;7;2017-08-12;2017-08-22;2017-08-19;344;384;1;282;4;2;2039.99;3824.31;4079.98
SO43864;8;2017-08-12;2017-08-22;2017-08-19;346;384;1;282;4;4;2039.99;7648.62;8159.96
SO43864;9;2017-08-12;2017-08-22;2017-08-19;300;384;1;282;4;1;809.76;699.09;809.76
SO43865;1;2017-08-12;2017-08-22;2017-08-19;319;328;1;283;4;1;874.79;884.71;874.79
SO43865;2;2017-08-12;2017-08-22;2017-08-19;342;328;1;283;4;2;419.46;826.29;838.92
SO43865;3;2017-08-12;2017-08-22;2017-08-19;314;328;1;283;4;1;2146.96;2171.29;2146.96
SO43865;4;2017-08-12;2017-08-22;2017-08-19;322;328;1;283;4;4;419.46;1652.59;1677.84
SO43865;5;2017-08-12;2017-08-22;2017-08-19;262;328;1;283;4;1;183.94;181.49;183.94
SO43865;6;2017-08-12;2017-08-22;2017-08-19;270;328;1;283;4;4;183.94;725.94;735.76
SO43865;7;2017-08-12;2017-08-22;2017-08-19;326;328;1;283;4;1;419.46;413.15;419.46
SO43865;8;2017-08-12;2017-08-22;2017-08-19;328;328;1;283;4;2;419.46;826.29;838.92
SO43865;9;2017-08-12;2017-08-22;2017-08-19;232;328;1;283;4;5;28.84;158.62;144.20
SO43865;10;2017-08-12;2017-08-22;2017-08-19;285;328;1;283;4;1;178.58;176.20;178.58
SO43865;11;2017-08-12;2017-08-22;2017-08-19;223;328;1;283;4;3;5.19;17.12;15.57
SO43865;12;2017-08-12;2017-08-22;2017-08-19;332;328;1;283;4;3;419.46;1239.44;1258.38
SO43865;13;2017-08-12;2017-08-22;2017-08-19;324;328;1;283;4;3;419.46;1239.44;1258.38
SO43865;14;2017-08-12;2017-08-22;2017-08-19;315;328;1;283;4;3;874.79;2654.12;2624.37
SO43866;1;2017-08-13;2017-08-23;2017-08-20;344;289;1;286;1;1;2039.99;1912.15;2039.99
SO43866;2;2017-08-13;2017-08-23;2017-08-20;350;289;1;286;1;1;2024.99;1898.09;2024.99
SO43866;3;2017-08-13;2017-08-23;2017-08-20;218;289;1;286;1;2;5.70;6.79;11.40
SO43867;1;2017-08-13;2017-08-23;2017-08-20;215;145;1;286;1;1;20.19;12.03;20.19
SO43867;2;2017-08-13;2017-08-23;2017-08-20;347;145;1;286;1;1;2039.99;1912.15;2039.99
SO43867;3;2017-08-13;2017-08-23;2017-08-20;349;145;1;286;1;2;2024.99;3796.19;4049.98
SO43867;4;2017-08-13;2017-08-23;2017-08-20;232;145;1;286;1;2;28.84;63.45;57.68
SO43867;5;2017-08-13;2017-08-23;2017-08-20;346;145;1;286;1;2;2039.99;3824.31;4079.98
SO43867;6;2017-08-13;2017-08-23;2017-08-20;218;145;1;286;1;2;5.70;6.79;11.40
SO43867;7;2017-08-13;2017-08-23;2017-08-20;229;145;1;286;1;3;28.84;95.17;86.52
SO43867;8;2017-08-13;2017-08-23;2017-08-20;344;145;1;286;1;4;2039.99;7648.62;8159.96
SO43867;9;2017-08-13;2017-08-23;2017-08-20;220;145;1;286;1;2;20.19;24.06;40.38
SO43867;10;2017-08-13;2017-08-23;2017-08-20;212;145;1;286;1;1;20.19;12.03;20.19
SO43867;11;2017-08-13;2017-08-23;2017-08-20;351;145;1;286;1;2;2024.99;3796.19;4049.98
SO43867;12;2017-08-13;2017-08-23;2017-08-20;223;145;1;286;1;4;5.19;22.82;20.76
SO43867;13;2017-08-13;2017-08-23;2017-08-20;296;145;1;286;1;2;714.70;1234.06;1429.40
SO43867;14;2017-08-13;2017-08-23;2017-08-20;307;145;1;286;1;1;722.59;623.84;722.59
SO43867;15;2017-08-13;2017-08-23;2017-08-20;293;145;1;286;1;3;722.59;1871.52;2167.77
SO43867;16;2017-08-13;2017-08-23;2017-08-20;292;145;1;286;1;2;818.70;1413.62;1637.40
SO43867;17;2017-08-13;2017-08-23;2017-08-20;350;145;1;286;1;2;2024.99;3796.19;4049.98
SO43867;18;2017-08-13;2017-08-23;2017-08-20;235;145;1;286;1;1;28.84;31.72;28.84
SO43868;1;2017-08-14;2017-08-24;2017-08-21;310;478;1;288;6;1;2146.96;2171.29;2146.96
SO43869;1;2017-08-14;2017-08-24;2017-08-21;304;650;1;282;1;1;714.70;617.03;714.70
SO43869;2;2017-08-14;2017-08-24;2017-08-21;348;650;1;282;1;5;2024.99;9490.47;10124.95
SO43869;3;2017-08-14;2017-08-24;2017-08-21;350;650;1;282;1;2;2024.99;3796.19;4049.98
SO43869;4;2017-08-14;2017-08-24;2017-08-21;300;650;1;282;1;2;809.76;1398.19;1619.52
SO43869;5;2017-08-14;2017-08-24;2017-08-21;344;650;1;282;1;5;2039.99;9560.77;10199.95
SO43869;6;2017-08-14;2017-08-24;2017-08-21;345;650;1;282;1;4;2039.99;7648.62;8159.96
SO43869;7;2017-08-14;2017-08-24;2017-08-21;296;650;1;282;1;1;714.70;617.03;714.70
SO43869;8;2017-08-14;2017-08-24;2017-08-21;347;650;1;282;1;1;2039.99;1912.15;2039.99
SO43869;9;2017-08-14;2017-08-24;2017-08-21;351;650;1;282;1;5;2024.99;9490.47;10124.95
SO43869;10;2017-08-14;2017-08-24;2017-08-21;293;650;1;282;1;2;722.59;1247.68;1445.18
SO43870;1;2017-08-15;2017-08-25;2017-08-22;322;107;1;281;2;3;419.46;1239.44;1258.38
SO43870;2;2017-08-15;2017-08-25;2017-08-22;326;107;1;281;2;2;419.46;826.29;838.92
SO43870;3;2017-08-15;2017-08-25;2017-08-22;232;107;1;281;2;3;28.84;95.17;86.52
SO43870;4;2017-08-15;2017-08-25;2017-08-22;342;107;1;281;2;3;419.46;1239.44;1258.38
SO43870;5;2017-08-15;2017-08-25;2017-08-22;319;107;1;281;2;1;874.79;884.71;874.79
SO43871;1;2017-08-16;2017-08-26;2017-08-23;223;527;1;287;3;1;5.19;5.71;5.19
SO43871;2;2017-08-16;2017-08-26;2017-08-23;324;527;1;287;3;1;419.46;413.15;419.46
SO43871;3;2017-08-16;2017-08-26;2017-08-23;270;527;1;287;3;2;183.94;362.97;367.88
SO43871;4;2017-08-16;2017-08-26;2017-08-23;212;527;1;287;3;2;20.19;24.06;40.38
SO43871;5;2017-08-16;2017-08-26;2017-08-23;319;527;1;287;3;1;874.79;884.71;874.79
SO43871;6;2017-08-16;2017-08-26;2017-08-23;262;527;1;287;3;1;183.94;181.49;183.94
SO43871;7;2017-08-16;2017-08-26;2017-08-23;326;527;1;287;3;1;419.46;413.15;419.46
SO43871;8;2017-08-16;2017-08-26;2017-08-23;232;527;1;287;3;2;28.84;63.45;57.68
SO43871;9;2017-08-16;2017-08-26;2017-08-23;315;527;1;287;3;3;874.79;2654.12;2624.37
SO43871;10;2017-08-16;2017-08-26;2017-08-23;314;527;1;287;3;1;2146.96;2171.29;2146.96
SO43871;11;2017-08-16;2017-08-26;2017-08-23;215;527;1;287;3;4;20.19;48.11;80.76
SO43871;12;2017-08-16;2017-08-26;2017-08-23;322;527;1;287;3;2;419.46;826.29;838.92
SO43871;13;2017-08-16;2017-08-26;2017-08-23;342;527;1;287;3;3;419.46;1239.44;1258.38
SO43871;14;2017-08-16;2017-08-26;2017-08-23;220;527;1;287;3;4;20.19;48.11;80.76
SO43872;1;2017-08-16;2017-08-26;2017-08-23;328;240;1;282;4;1;419.46;413.15;419.46
SO43872;2;2017-08-16;2017-08-26;2017-08-23;215;240;1;282;4;1;20.19;12.03;20.19
SO43872;3;2017-08-16;2017-08-26;2017-08-23;319;240;1;282;4;3;874.79;2654.12;2624.37
SO43872;4;2017-08-16;2017-08-26;2017-08-23;317;240;1;282;4;2;874.79;1769.42;1749.58
SO43872;5;2017-08-16;2017-08-26;2017-08-23;332;240;1;282;4;1;419.46;413.15;419.46
SO43872;6;2017-08-16;2017-08-26;2017-08-23;220;240;1;282;4;2;20.19;24.06;40.38
SO43872;7;2017-08-16;2017-08-26;2017-08-23;212;240;1;282;4;4;20.19;48.11;80.76
SO43872;8;2017-08-16;2017-08-26;2017-08-23;262;240;1;282;4;2;183.94;362.97;367.88
SO43872;9;2017-08-16;2017-08-26;2017-08-23;275;240;1;282;4;1;356.90;352.14;356.90
SO43872;10;2017-08-16;2017-08-26;2017-08-23;285;240;1;282;4;1;178.58;176.20;178.58
SO43872;11;2017-08-16;2017-08-26;2017-08-23;314;240;1;282;4;1;2146.96;2171.29;2146.96
SO43872;12;2017-08-16;2017-08-26;2017-08-23;315;240;1;282;4;2;874.79;1769.42;1749.58
SO43872;13;2017-08-16;2017-08-26;2017-08-23;316;240;1;282;4;1;874.79;884.71;874.79
SO43872;14;2017-08-16;2017-08-26;2017-08-23;235;240;1;282;4;4;28.84;126.90;115.36
SO43872;15;2017-08-16;2017-08-26;2017-08-23;322;240;1;282;4;1;419.46;413.15;419.46
SO43872;16;2017-08-16;2017-08-26;2017-08-23;223;240;1;282;4;4;5.19;22.82;20.76
SO43873;1;2017-08-19;2017-08-29;2017-08-26;342;78;1;282;4;6;419.46;2478.88;2516.76
SO43873;2;2017-08-19;2017-08-29;2017-08-26;330;78;1;282;4;2;419.46;826.29;838.92
SO43873;3;2017-08-19;2017-08-29;2017-08-26;310;78;1;282;4;2;2146.96;4342.59;4293.92
SO43873;4;2017-08-19;2017-08-29;2017-08-26;264;78;1;282;4;5;183.94;907.43;919.70
SO43873;5;2017-08-19;2017-08-29;2017-08-26;270;78;1;282;4;5;183.94;907.43;919.70
SO43873;6;2017-08-19;2017-08-29;2017-08-26;316;78;1;282;4;1;874.79;884.71;874.79
SO43873;7;2017-08-19;2017-08-29;2017-08-26;285;78;1;282;4;1;178.58;176.20;178.58
SO43873;8;2017-08-19;2017-08-29;2017-08-26;334;78;1;282;4;3;419.46;1239.44;1258.38
SO43873;9;2017-08-19;2017-08-29;2017-08-26;253;78;1;282;4;3;178.58;528.60;535.74
SO43873;10;2017-08-19;2017-08-29;2017-08-26;319;78;1;282;4;5;874.79;4423.54;4373.95
SO43873;11;2017-08-19;2017-08-29;2017-08-26;322;78;1;282;4;5;419.46;2065.73;2097.30
SO43873;12;2017-08-19;2017-08-29;2017-08-26;276;78;1;282;4;3;356.90;1056.42;1070.70
SO43873;13;2017-08-19;2017-08-29;2017-08-26;338;78;1;282;4;2;419.46;826.29;838.92
SO43873;14;2017-08-19;2017-08-29;2017-08-26;317;78;1;282;4;1;874.79;884.71;874.79
SO43873;15;2017-08-19;2017-08-29;2017-08-26;212;78;1;282;4;5;20.19;60.14;100.95
SO43873;16;2017-08-19;2017-08-29;2017-08-26;332;78;1;282;4;1;419.46;413.15;419.46
SO43873;17;2017-08-19;2017-08-29;2017-08-26;220;78;1;282;4;2;20.19;24.06;40.38
SO43873;18;2017-08-19;2017-08-29;2017-08-26;315;78;1;282;4;6;874.79;5308.25;5248.74
SO43873;19;2017-08-19;2017-08-29;2017-08-26;272;78;1;282;4;3;183.94;544.46;551.82
SO43873;20;2017-08-19;2017-08-29;2017-08-26;324;78;1;282;4;6;419.46;2478.88;2516.76
SO43873;21;2017-08-19;2017-08-29;2017-08-26;328;78;1;282;4;5;419.46;2065.73;2097.30
SO43873;22;2017-08-19;2017-08-29;2017-08-26;235;78;1;282;4;1;28.84;31.72;28.84
SO43873;23;2017-08-19;2017-08-29;2017-08-26;232;78;1;282;4;5;28.84;158.62;144.20
SO43873;24;2017-08-19;2017-08-29;2017-08-26;229;78;1;282;4;1;28.84;31.72;28.84
SO43873;25;2017-08-19;2017-08-29;2017-08-26;326;78;1;282;4;4;419.46;1652.59;1677.84
SO43873;26;2017-08-19;2017-08-29;2017-08-26;262;78;1;282;4;2;183.94;362.97;367.88
SO43873;27;2017-08-19;2017-08-29;2017-08-26;314;78;1;282;4;2;2146.96;4342.59;4293.92
SO43873;28;2017-08-19;2017-08-29;2017-08-26;275;78;1;282;4;6;356.90;2112.84;2141.40
SO43874;1;2017-08-19;2017-08-29;2017-08-26;328;22;1;283;3;1;419.46;413.15;419.46
SO43875;1;2017-08-19;2017-08-29;2017-08-26;351;278;1;285;5;6;2024.99;11388.57;12149.94
SO43875;2;2017-08-19;2017-08-29;2017-08-26;304;278;1;285;5;2;714.70;1234.06;1429.40
SO43875;3;2017-08-19;2017-08-29;2017-08-26;292;278;1;285;5;1;818.70;706.81;818.70
SO43875;4;2017-08-19;2017-08-29;2017-08-26;218;278;1;285;5;2;5.70;6.79;11.40
SO43875;5;2017-08-19;2017-08-29;2017-08-26;232;278;1;285;5;2;28.84;63.45;57.68
SO43875;6;2017-08-19;2017-08-29;2017-08-26;347;278;1;285;5;7;2039.99;13385.08;14279.93
SO43875;7;2017-08-19;2017-08-29;2017-08-26;344;278;1;285;5;6;2039.99;11472.93;12239.94
SO43875;8;2017-08-19;2017-08-29;2017-08-26;212;278;1;285;5;2;20.19;24.06;40.38
SO43875;9;2017-08-19;2017-08-29;2017-08-26;307;278;1;285;5;5;722.59;3119.20;3612.95
SO43875;10;2017-08-19;2017-08-29;2017-08-26;346;278;2;285;5;12;1971.99;22945.85;23663.88
SO43875;11;2017-08-19;2017-08-29;2017-08-26;300;278;1;285;5;1;809.76;699.09;809.76
SO43875;12;2017-08-19;2017-08-29;2017-08-26;348;278;2;285;5;13;1957.49;24675.23;25447.37
SO43875;13;2017-08-19;2017-08-29;2017-08-26;345;278;1;285;5;2;2039.99;3824.31;4079.98
SO43875;14;2017-08-19;2017-08-29;2017-08-26;349;278;1;285;5;8;2024.99;15184.76;16199.92
SO43875;15;2017-08-19;2017-08-29;2017-08-26;296;278;1;285;5;2;714.70;1234.06;1429.40
SO43875;16;2017-08-19;2017-08-29;2017-08-26;223;278;1;285;5;2;5.19;11.41;10.38
SO43875;17;2017-08-19;2017-08-29;2017-08-26;350;278;1;285;5;2;2024.99;3796.19;4049.98
SO43875;18;2017-08-19;2017-08-29;2017-08-26;235;278;1;285;5;3;28.84;95.17;86.52
SO43875;19;2017-08-19;2017-08-29;2017-08-26;215;278;1;285;5;5;20.19;60.14;100.95
SO43875;20;2017-08-19;2017-08-29;2017-08-26;293;278;1;285;5;3;722.59;1871.52;2167.77
SO43875;21;2017-08-19;2017-08-29;2017-08-26;229;278;1;285;5;2;28.84;63.45;57.68
SO43876;1;2017-08-20;2017-08-30;2017-08-27;326;270;1;281;2;2;419.46;826.29;838.92
SO43876;2;2017-08-20;2017-08-30;2017-08-27;319;270;1;281;2;1;874.79;884.71;874.79
SO43876;3;2017-08-20;2017-08-30;2017-08-27;328;270;1;281;2;3;419.46;1239.44;1258.38
SO43876;4;2017-08-20;2017-08-30;2017-08-27;315;270;1;281;2;2;874.79;1769.42;1749.58
SO43876;5;2017-08-20;2017-08-30;2017-08-27;262;270;1;281;2;2;183.94;362.97;367.88
SO43876;6;2017-08-20;2017-08-30;2017-08-27;324;270;1;281;2;2;419.46;826.29;838.92
SO43876;7;2017-08-20;2017-08-30;2017-08-27;342;270;1;281;2;2;419.46;826.29;838.92
SO43876;8;2017-08-20;2017-08-30;2017-08-27;270;270;1;281;2;2;183.94;362.97;367.88
SO43877;1;2017-08-20;2017-08-30;2017-08-27;232;73;1;286;1;4;28.84;126.90;115.36
SO43877;2;2017-08-20;2017-08-30;2017-08-27;215;73;1;286;1;2;20.19;24.06;40.38
SO43877;3;2017-08-20;2017-08-30;2017-08-27;218;73;1;286;1;5;5.70;16.98;28.50
SO43877;4;2017-08-20;2017-08-30;2017-08-27;344;73;1;286;1;3;2039.99;5736.46;6119.97
SO43877;5;2017-08-20;2017-08-30;2017-08-27;348;73;1;286;1;2;2024.99;3796.19;4049.98
SO43877;6;2017-08-20;2017-08-30;2017-08-27;347;73;1;286;1;4;2039.99;7648.62;8159.96
SO43877;7;2017-08-20;2017-08-30;2017-08-27;351;73;1;286;1;1;2024.99;1898.09;2024.99
SO43877;8;2017-08-20;2017-08-30;2017-08-27;235;73;1;286;1;1;28.84;31.72;28.84
SO43877;9;2017-08-20;2017-08-30;2017-08-27;220;73;1;286;1;1;20.19;12.03;20.19
SO43877;10;2017-08-20;2017-08-30;2017-08-27;212;73;1;286;1;2;20.19;24.06;40.38
SO43878;1;2017-08-20;2017-08-30;2017-08-27;345;144;1;281;2;1;2039.99;1912.15;2039.99
SO43878;2;2017-08-20;2017-08-30;2017-08-27;344;144;1;281;2;1;2039.99;1912.15;2039.99
SO43879;1;2017-08-21;2017-08-31;2017-08-28;326;569;1;288;6;3;419.46;1239.44;1258.38
SO43879;2;2017-08-21;2017-08-31;2017-08-28;328;569;1;288;6;2;419.46;826.29;838.92
SO43879;3;2017-08-21;2017-08-31;2017-08-28;322;569;1;288;6;3;419.46;1239.44;1258.38
SO43879;4;2017-08-21;2017-08-31;2017-08-28;330;569;1;288;6;2;419.46;826.29;838.92
SO43879;5;2017-08-21;2017-08-31;2017-08-28;232;569;1;288;6;2;28.84;63.45;57.68
SO43879;6;2017-08-21;2017-08-31;2017-08-28;262;569;1;288;6;4;183.94;725.94;735.76
SO43879;7;2017-08-21;2017-08-31;2017-08-28;229;569;1;288;6;4;28.84;126.90;115.36
SO43879;8;2017-08-21;2017-08-31;2017-08-28;342;569;1;288;6;4;419.46;1652.59;1677.84
SO43879;9;2017-08-21;2017-08-31;2017-08-28;272;569;1;288;6;3;183.94;544.46;551.82
SO43879;10;2017-08-21;2017-08-31;2017-08-28;315;569;1;288;6;2;874.79;1769.42;1749.58
SO43879;11;2017-08-21;2017-08-31;2017-08-28;264;569;1;288;6;2;183.94;362.97;367.88
SO43879;12;2017-08-21;2017-08-31;2017-08-28;235;569;1;288;6;1;28.84;31.72;28.84
SO43879;13;2017-08-21;2017-08-31;2017-08-28;334;569;1;288;6;2;419.46;826.29;838.92
SO43879;14;2017-08-21;2017-08-31;2017-08-28;332;569;1;288;6;3;419.46;1239.44;1258.38
SO43879;15;2017-08-21;2017-08-31;2017-08-28;270;569;1;288;6;3;183.94;544.46;551.82
SO43879;16;2017-08-21;2017-08-31;2017-08-28;338;569;1;288;6;1;419.46;413.15;419.46
SO43879;17;2017-08-21;2017-08-31;2017-08-28;215;569;1;288;6;5;20.19;60.14;100.95
SO43879;18;2017-08-21;2017-08-31;2017-08-28;319;569;1;288;6;3;874.79;2654.12;2624.37
SO43879;19;2017-08-21;2017-08-31;2017-08-28;317;569;1;288;6;1;874.79;884.71;874.79
SO43879;20;2017-08-21;2017-08-31;2017-08-28;285;569;1;288;6;3;178.58;528.60;535.74
SO43879;21;2017-08-21;2017-08-31;2017-08-28;316;569;1;288;6;2;874.79;1769.42;1749.58
SO43879;22;2017-08-21;2017-08-31;2017-08-28;212;569;1;288;6;4;20.19;48.11;80.76
SO43879;23;2017-08-21;2017-08-31;2017-08-28;220;569;1;288;6;5;20.19;60.14;100.95
SO43879;24;2017-08-21;2017-08-31;2017-08-28;253;569;1;288;6;5;178.58;881.00;892.90
SO43879;25;2017-08-21;2017-08-31;2017-08-28;314;569;1;288;6;1;2146.96;2171.29;2146.96
SO43879;26;2017-08-21;2017-08-31;2017-08-28;223;569;2;288;6;13;5.01;74.17;65.13
SO43880;1;2017-08-21;2017-08-31;2017-08-28;322;336;1;284;6;3;419.46;1239.44;1258.38
SO43880;2;2017-08-21;2017-08-31;2017-08-28;316;336;1;284;6;2;874.79;1769.42;1749.58
SO43880;3;2017-08-21;2017-08-31;2017-08-28;326;336;1;284;6;3;419.46;1239.44;1258.38
SO43880;4;2017-08-21;2017-08-31;2017-08-28;342;336;1;284;6;3;419.46;1239.44;1258.38
SO43880;5;2017-08-21;2017-08-31;2017-08-28;334;336;1;284;6;1;419.46;413.15;419.46
SO43880;6;2017-08-21;2017-08-31;2017-08-28;285;336;1;284;6;1;178.58;176.20;178.58
SO43880;7;2017-08-21;2017-08-31;2017-08-28;275;336;1;284;6;1;356.90;352.14;356.90
SO43880;8;2017-08-21;2017-08-31;2017-08-28;314;336;1;284;6;2;2146.96;4342.59;4293.92
SO43880;9;2017-08-21;2017-08-31;2017-08-28;317;336;1;284;6;2;874.79;1769.42;1749.58
SO43880;10;2017-08-21;2017-08-31;2017-08-28;262;336;1;284;6;2;183.94;362.97;367.88
SO43880;11;2017-08-21;2017-08-31;2017-08-28;319;336;1;284;6;2;874.79;1769.42;1749.58
SO43880;12;2017-08-21;2017-08-31;2017-08-28;330;336;1;284;6;1;419.46;413.15;419.46
SO43880;13;2017-08-21;2017-08-31;2017-08-28;338;336;1;284;6;1;419.46;413.15;419.46
SO43881;1;2017-08-21;2017-08-31;2017-08-28;349;346;1;283;3;2;2024.99;3796.19;4049.98
SO43881;2;2017-08-21;2017-08-31;2017-08-28;351;346;1;283;3;2;2024.99;3796.19;4049.98
SO43881;3;2017-08-21;2017-08-31;2017-08-28;345;346;1;283;3;5;2039.99;9560.77;10199.95
SO43881;4;2017-08-21;2017-08-31;2017-08-28;347;346;1;283;3;3;2039.99;5736.46;6119.97
SO43881;5;2017-08-21;2017-08-31;2017-08-28;350;346;1;283;3;3;2024.99;5694.28;6074.97
SO43881;6;2017-08-21;2017-08-31;2017-08-28;229;346;1;283;3;2;28.84;63.45;57.68
SO43881;7;2017-08-21;2017-08-31;2017-08-28;346;346;1;283;3;4;2039.99;7648.62;8159.96
SO43881;8;2017-08-21;2017-08-31;2017-08-28;218;346;3;283;3;21;5.23;71.32;109.83
SO43882;1;2017-08-21;2017-08-31;2017-08-28;351;335;1;288;6;1;2024.99;1898.09;2024.99
SO43883;1;2017-08-21;2017-08-31;2017-08-28;264;684;1;281;2;2;183.94;362.97;367.88
SO43883;2;2017-08-21;2017-08-31;2017-08-28;275;684;1;281;2;1;356.90;352.14;356.90
SO43883;3;2017-08-21;2017-08-31;2017-08-28;328;684;1;281;2;2;419.46;826.29;838.92
SO43883;4;2017-08-21;2017-08-31;2017-08-28;338;684;1;281;2;1;419.46;413.15;419.46
SO43883;5;2017-08-21;2017-08-31;2017-08-28;342;684;1;281;2;2;419.46;826.29;838.92
SO43883;6;2017-08-21;2017-08-31;2017-08-28;223;684;1;281;2;2;5.19;11.41;10.38
SO43883;7;2017-08-21;2017-08-31;2017-08-28;322;684;1;281;2;2;419.46;826.29;838.92
SO43883;8;2017-08-21;2017-08-31;2017-08-28;253;684;1;281;2;1;178.58;176.20;178.58
SO43883;9;2017-08-21;2017-08-31;2017-08-28;262;684;1;281;2;1;183.94;181.49;183.94
SO43883;10;2017-08-21;2017-08-31;2017-08-28;285;684;1;281;2;3;178.58;528.60;535.74
SO43883;11;2017-08-21;2017-08-31;2017-08-28;310;684;1;281;2;1;2146.96;2171.29;2146.96
SO43883;12;2017-08-21;2017-08-31;2017-08-28;326;684;1;281;2;3;419.46;1239.44;1258.38
SO43883;13;2017-08-21;2017-08-31;2017-08-28;319;684;1;281;2;3;874.79;2654.12;2624.37
SO43883;14;2017-08-21;2017-08-31;2017-08-28;315;684;1;281;2;2;874.79;1769.42;1749.58
SO43883;15;2017-08-21;2017-08-31;2017-08-28;324;684;1;281;2;2;419.46;826.29;838.92
SO43883;16;2017-08-21;2017-08-31;2017-08-28;314;684;1;281;2;2;2146.96;4342.59;4293.92
SO43883;17;2017-08-21;2017-08-31;2017-08-28;332;684;1;281;2;2;419.46;826.29;838.92
SO43884;1;2017-08-21;2017-08-31;2017-08-28;304;623;1;283;3;3;714.70;1851.08;2144.10
SO43884;2;2017-08-21;2017-08-31;2017-08-28;215;623;1;283;3;4;20.19;48.11;80.76
SO43884;3;2017-08-21;2017-08-31;2017-08-28;300;623;1;283;3;3;809.76;2097.28;2429.28
SO43884;4;2017-08-21;2017-08-31;2017-08-28;232;623;1;283;3;10;28.84;317.24;288.40
SO43884;5;2017-08-21;2017-08-31;2017-08-28;350;623;1;283;3;10;2024.99;18980.94;20249.90
SO43884;6;2017-08-21;2017-08-31;2017-08-28;349;623;1;283;3;5;2024.99;9490.47;10124.95
SO43884;7;2017-08-21;2017-08-31;2017-08-28;346;623;1;283;3;5;2039.99;9560.77;10199.95
SO43884;8;2017-08-21;2017-08-31;2017-08-28;292;623;1;283;3;3;818.70;2120.43;2456.10
SO43884;9;2017-08-21;2017-08-31;2017-08-28;220;623;1;283;3;5;20.19;60.14;100.95
SO43884;10;2017-08-21;2017-08-31;2017-08-28;351;623;1;283;3;4;2024.99;7592.38;8099.96
SO43884;11;2017-08-21;2017-08-31;2017-08-28;235;623;1;283;3;6;28.84;190.35;173.04
SO43884;12;2017-08-21;2017-08-31;2017-08-28;307;623;1;283;3;1;722.59;623.84;722.59
SO43884;13;2017-08-21;2017-08-31;2017-08-28;344;623;1;283;3;8;2039.99;15297.24;16319.92
SO43884;14;2017-08-21;2017-08-31;2017-08-28;223;623;1;283;3;8;5.19;45.64;41.52
SO43884;15;2017-08-21;2017-08-31;2017-08-28;348;623;1;283;3;2;2024.99;3796.19;4049.98
SO43884;16;2017-08-21;2017-08-31;2017-08-28;296;623;1;283;3;3;714.70;1851.08;2144.10
SO43884;17;2017-08-21;2017-08-31;2017-08-28;345;623;2;283;3;14;1971.99;26770.16;27607.86
SO43884;18;2017-08-21;2017-08-31;2017-08-28;212;623;1;283;3;4;20.19;48.11;80.76
SO43884;19;2017-08-21;2017-08-31;2017-08-28;347;623;1;283;3;4;2039.99;7648.62;8159.96
SO43884;20;2017-08-21;2017-08-31;2017-08-28;218;623;1;283;3;4;5.70;13.59;22.80
SO43884;21;2017-08-21;2017-08-31;2017-08-28;293;623;1;283;3;1;722.59;623.84;722.59
SO43884;22;2017-08-21;2017-08-31;2017-08-28;229;623;1;283;3;1;28.84;31.72;28.84
SO43885;1;2017-08-22;2017-09-01;2017-08-29;219;492;1;282;4;4;5.70;13.59;22.80
SO43885;2;2017-08-22;2017-09-01;2017-08-29;218;492;1;282;4;8;5.70;27.17;45.60
SO43886;1;2017-08-22;2017-09-01;2017-08-29;315;317;1;288;6;2;874.79;1769.42;1749.58
SO43886;2;2017-08-22;2017-09-01;2017-08-29;328;317;1;288;6;1;419.46;413.15;419.46
SO43886;3;2017-08-22;2017-09-01;2017-08-29;264;317;1;288;6;2;183.94;362.97;367.88
SO43886;4;2017-08-22;2017-09-01;2017-08-29;338;317;1;288;6;1;419.46;413.15;419.46
SO43886;5;2017-08-22;2017-09-01;2017-08-29;317;317;1;288;6;2;874.79;1769.42;1749.58
SO43886;6;2017-08-22;2017-09-01;2017-08-29;220;317;1;288;6;3;20.19;36.08;60.57
SO43886;7;2017-08-22;2017-09-01;2017-08-29;223;317;1;288;6;6;5.19;34.23;31.14
SO43886;8;2017-08-22;2017-09-01;2017-08-29;215;317;1;288;6;1;20.19;12.03;20.19
SO43886;9;2017-08-22;2017-09-01;2017-08-29;319;317;1;288;6;2;874.79;1769.42;1749.58
SO43886;10;2017-08-22;2017-09-01;2017-08-29;342;317;1;288;6;2;419.46;826.29;838.92
SO43886;11;2017-08-22;2017-09-01;2017-08-29;322;317;1;288;6;5;419.46;2065.73;2097.30
SO43886;12;2017-08-22;2017-09-01;2017-08-29;276;317;1;288;6;1;356.90;352.14;356.90
SO43886;13;2017-08-22;2017-09-01;2017-08-29;235;317;1;288;6;1;28.84;31.72;28.84
SO43886;14;2017-08-22;2017-09-01;2017-08-29;272;317;1;288;6;1;183.94;181.49;183.94
SO43886;15;2017-08-22;2017-09-01;2017-08-29;316;317;1;288;6;1;874.79;884.71;874.79
SO43886;16;2017-08-22;2017-09-01;2017-08-29;253;317;1;288;6;1;178.58;176.20;178.58
SO43886;17;2017-08-22;2017-09-01;2017-08-29;229;317;1;288;6;5;28.84;158.62;144.20
SO43886;18;2017-08-22;2017-09-01;2017-08-29;334;317;1;288;6;1;419.46;413.15;419.46
SO43886;19;2017-08-22;2017-09-01;2017-08-29;326;317;1;288;6;3;419.46;1239.44;1258.38
SO43886;20;2017-08-22;2017-09-01;2017-08-29;314;317;1;288;6;2;2146.96;4342.59;4293.92
SO43886;21;2017-08-22;2017-09-01;2017-08-29;232;317;1;288;6;4;28.84;126.90;115.36
SO43887;1;2017-08-22;2017-09-01;2017-08-29;332;548;1;285;5;1;419.46;413.15;419.46
SO43888;1;2017-08-22;2017-09-01;2017-08-29;330;136;1;288;6;1;419.46;413.15;419.46
SO43888;2;2017-08-22;2017-09-01;2017-08-29;316;136;1;288;6;1;874.79;884.71;874.79
SO43888;3;2017-08-22;2017-09-01;2017-08-29;285;136;1;288;6;2;178.58;352.40;357.16
SO43888;4;2017-08-22;2017-09-01;2017-08-29;262;136;1;288;6;1;183.94;181.49;183.94
SO43888;5;2017-08-22;2017-09-01;2017-08-29;338;136;1;288;6;1;419.46;413.15;419.46
SO43888;6;2017-08-22;2017-09-01;2017-08-29;322;136;1;288;6;2;419.46;826.29;838.92
SO43888;7;2017-08-22;2017-09-01;2017-08-29;314;136;1;288;6;1;2146.96;2171.29;2146.96
SO43888;8;2017-08-22;2017-09-01;2017-08-29;317;136;1;288;6;2;874.79;1769.42;1749.58
SO43888;9;2017-08-22;2017-09-01;2017-08-29;315;136;1;288;6;5;874.79;4423.54;4373.95
SO43888;10;2017-08-22;2017-09-01;2017-08-29;342;136;1;288;6;2;419.46;826.29;838.92
SO43888;11;2017-08-22;2017-09-01;2017-08-29;272;136;1;288;6;2;183.94;362.97;367.88
SO43888;12;2017-08-22;2017-09-01;2017-08-29;328;136;1;288;6;2;419.46;826.29;838.92
SO43888;13;2017-08-22;2017-09-01;2017-08-29;332;136;1;288;6;2;419.46;826.29;838.92
SO43888;14;2017-08-22;2017-09-01;2017-08-29;264;136;1;288;6;1;183.94;181.49;183.94
SO43889;1;2017-08-23;2017-09-02;2017-08-30;351;661;1;284;6;1;2024.99;1898.09;2024.99
SO43889;2;2017-08-23;2017-09-02;2017-08-30;235;661;1;284;6;2;28.84;63.45;57.68
SO43890;1;2017-08-23;2017-09-02;2017-08-30;344;354;1;284;6;5;2039.99;9560.77;10199.95
SO43890;2;2017-08-23;2017-09-02;2017-08-30;350;354;1;284;6;2;2024.99;3796.19;4049.98
SO43890;3;2017-08-23;2017-09-02;2017-08-30;346;354;1;284;6;7;2039.99;13385.08;14279.93
SO43890;4;2017-08-23;2017-09-02;2017-08-30;347;354;1;284;6;2;2039.99;3824.31;4079.98
SO43890;5;2017-08-23;2017-09-02;2017-08-30;293;354;1;284;6;3;722.59;1871.52;2167.77
SO43890;6;2017-08-23;2017-09-02;2017-08-30;345;354;1;284;6;5;2039.99;9560.77;10199.95
SO43890;7;2017-08-23;2017-09-02;2017-08-30;349;354;1;284;6;2;2024.99;3796.19;4049.98
SO43890;8;2017-08-23;2017-09-02;2017-08-30;307;354;1;284;6;1;722.59;623.84;722.59
SO43890;9;2017-08-23;2017-09-02;2017-08-30;304;354;1;284;6;1;714.70;617.03;714.70
SO43890;10;2017-08-23;2017-09-02;2017-08-30;348;354;1;284;6;8;2024.99;15184.76;16199.92
SO43890;11;2017-08-23;2017-09-02;2017-08-30;218;354;1;284;6;4;5.70;13.59;22.80
SO43890;12;2017-08-23;2017-09-02;2017-08-30;351;354;1;284;6;3;2024.99;5694.28;6074.97
SO43890;13;2017-08-23;2017-09-02;2017-08-30;300;354;1;284;6;3;809.76;2097.28;2429.28
SO43891;1;2017-08-24;2017-09-03;2017-08-31;348;29;1;288;6;2;2024.99;3796.19;4049.98
SO43891;2;2017-08-24;2017-09-03;2017-08-31;219;29;1;288;6;2;5.70;6.79;11.40
SO43891;3;2017-08-24;2017-09-03;2017-08-31;351;29;1;288;6;1;2024.99;1898.09;2024.99
SO43891;4;2017-08-24;2017-09-03;2017-08-31;346;29;1;288;6;3;2039.99;5736.46;6119.97
SO43891;5;2017-08-24;2017-09-03;2017-08-31;344;29;1;288;6;3;2039.99;5736.46;6119.97
SO43891;6;2017-08-24;2017-09-03;2017-08-31;218;29;1;288;6;4;5.70;13.59;22.80
SO43891;7;2017-08-24;2017-09-03;2017-08-31;349;29;1;288;6;2;2024.99;3796.19;4049.98
SO43891;8;2017-08-24;2017-09-03;2017-08-31;345;29;1;288;6;3;2039.99;5736.46;6119.97
SO43891;9;2017-08-24;2017-09-03;2017-08-31;350;29;1;288;6;2;2024.99;3796.19;4049.98
SO43892;1;2017-08-24;2017-09-03;2017-08-31;326;167;1;287;4;2;419.46;826.29;838.92
SO43892;2;2017-08-24;2017-09-03;2017-08-31;232;167;1;287;4;3;28.84;95.17;86.52
SO43892;3;2017-08-24;2017-09-03;2017-08-31;314;167;1;287;4;2;2146.96;4342.59;4293.92
SO43892;4;2017-08-24;2017-09-03;2017-08-31;223;167;1;287;4;3;5.19;17.12;15.57
SO43892;5;2017-08-24;2017-09-03;2017-08-31;328;167;1;287;4;2;419.46;826.29;838.92
SO43892;6;2017-08-24;2017-09-03;2017-08-31;322;167;1;287;4;5;419.46;2065.73;2097.30
SO43892;7;2017-08-24;2017-09-03;2017-08-31;270;167;1;287;4;1;183.94;181.49;183.94
SO43892;8;2017-08-24;2017-09-03;2017-08-31;220;167;1;287;4;2;20.19;24.06;40.38
SO43892;9;2017-08-24;2017-09-03;2017-08-31;315;167;1;287;4;2;874.79;1769.42;1749.58
SO43892;10;2017-08-24;2017-09-03;2017-08-31;342;167;1;287;4;3;419.46;1239.44;1258.38
SO43892;11;2017-08-24;2017-09-03;2017-08-31;324;167;1;287;4;4;419.46;1652.59;1677.84
SO43892;12;2017-08-24;2017-09-03;2017-08-31;319;167;1;287;4;3;874.79;2654.12;2624.37
SO43892;13;2017-08-24;2017-09-03;2017-08-31;332;167;1;287;4;2;419.46;826.29;838.92
SO43893;1;2017-08-24;2017-09-03;2017-08-31;342;370;1;288;6;1;419.46;413.15;419.46
SO43894;1;2017-08-24;2017-09-03;2017-08-31;219;559;1;286;1;3;5.70;10.19;17.10
SO43894;2;2017-08-24;2017-09-03;2017-08-31;350;559;1;286;1;2;2024.99;3796.19;4049.98
SO43894;3;2017-08-24;2017-09-03;2017-08-31;348;559;1;286;1;3;2024.99;5694.28;6074.97
SO43894;4;2017-08-24;2017-09-03;2017-08-31;349;559;1;286;1;4;2024.99;7592.38;8099.96
SO43894;5;2017-08-24;2017-09-03;2017-08-31;218;559;1;286;1;8;5.70;27.17;45.60
SO43894;6;2017-08-24;2017-09-03;2017-08-31;351;559;1;286;1;5;2024.99;9490.47;10124.95
SO43894;7;2017-08-24;2017-09-03;2017-08-31;344;559;1;286;1;2;2039.99;3824.31;4079.98
SO43895;1;2017-08-24;2017-09-03;2017-08-31;223;469;1;286;1;6;5.19;34.23;31.14
SO43895;2;2017-08-24;2017-09-03;2017-08-31;220;469;1;286;1;2;20.19;24.06;40.38
SO43895;3;2017-08-24;2017-09-03;2017-08-31;307;469;1;286;1;2;722.59;1247.68;1445.18
SO43895;4;2017-08-24;2017-09-03;2017-08-31;229;469;1;286;1;2;28.84;63.45;57.68
SO43895;5;2017-08-24;2017-09-03;2017-08-31;235;469;1;286;1;4;28.84;126.90;115.36
SO43895;6;2017-08-24;2017-09-03;2017-08-31;304;469;1;286;1;1;714.70;617.03;714.70
SO43895;7;2017-08-24;2017-09-03;2017-08-31;296;469;1;286;1;1;714.70;617.03;714.70
SO43895;8;2017-08-24;2017-09-03;2017-08-31;344;469;1;286;1;2;2039.99;3824.31;4079.98
SO43895;9;2017-08-24;2017-09-03;2017-08-31;351;469;1;286;1;4;2024.99;7592.38;8099.96
SO43895;10;2017-08-24;2017-09-03;2017-08-31;300;469;1;286;1;1;809.76;699.09;809.76
SO43895;11;2017-08-24;2017-09-03;2017-08-31;348;469;1;286;1;2;2024.99;3796.19;4049.98
SO43895;12;2017-08-24;2017-09-03;2017-08-31;345;469;1;286;1;2;2039.99;3824.31;4079.98
SO43895;13;2017-08-24;2017-09-03;2017-08-31;349;469;1;286;1;4;2024.99;7592.38;8099.96
SO43895;14;2017-08-24;2017-09-03;2017-08-31;212;469;1;286;1;3;20.19;36.08;60.57
SO43895;15;2017-08-24;2017-09-03;2017-08-31;215;469;1;286;1;3;20.19;36.08;60.57
SO43896;1;2017-08-25;2017-09-04;2017-09-01;319;256;1;283;4;1;874.79;884.71;874.79
SO43896;2;2017-08-25;2017-09-04;2017-09-01;342;256;1;283;4;1;419.46;413.15;419.46
SO43896;3;2017-08-25;2017-09-04;2017-09-01;322;256;1;283;4;3;419.46;1239.44;1258.38
SO43896;4;2017-08-25;2017-09-04;2017-09-01;326;256;1;283;4;4;419.46;1652.59;1677.84
SO43896;5;2017-08-25;2017-09-04;2017-09-01;232;256;1;283;4;4;28.84;126.90;115.36
SO43897;1;2017-08-25;2017-09-04;2017-09-01;235;312;1;282;4;2;28.84;63.45;57.68
SO43897;2;2017-08-25;2017-09-04;2017-09-01;345;312;1;282;4;5;2039.99;9560.77;10199.95
SO43897;3;2017-08-25;2017-09-04;2017-09-01;351;312;1;282;4;2;2024.99;3796.19;4049.98
SO43897;4;2017-08-25;2017-09-04;2017-09-01;350;312;1;282;4;4;2024.99;7592.38;8099.96
SO43897;5;2017-08-25;2017-09-04;2017-09-01;348;312;1;282;4;2;2024.99;3796.19;4049.98
SO43897;6;2017-08-25;2017-09-04;2017-09-01;218;312;1;282;4;10;5.70;33.96;57.00
SO43897;7;2017-08-25;2017-09-04;2017-09-01;232;312;1;282;4;2;28.84;63.45;57.68
SO43897;8;2017-08-25;2017-09-04;2017-09-01;212;312;1;282;4;4;20.19;48.11;80.76
SO43897;9;2017-08-25;2017-09-04;2017-09-01;344;312;1;282;4;6;2039.99;11472.93;12239.94
SO43897;10;2017-08-25;2017-09-04;2017-09-01;349;312;1;282;4;5;2024.99;9490.47;10124.95
SO43897;11;2017-08-25;2017-09-04;2017-09-01;215;312;1;282;4;4;20.19;48.11;80.76
SO43897;12;2017-08-25;2017-09-04;2017-09-01;220;312;1;282;4;4;20.19;48.11;80.76
SO43897;13;2017-08-25;2017-09-04;2017-09-01;347;312;1;282;4;1;2039.99;1912.15;2039.99
SO43897;14;2017-08-25;2017-09-04;2017-09-01;223;312;1;282;4;3;5.19;17.12;15.57
SO43898;1;2017-08-26;2017-09-05;2017-09-02;342;84;2;284;6;13;405.48;5370.90;5271.24
SO43898;2;2017-08-26;2017-09-05;2017-09-02;338;84;1;284;6;3;419.46;1239.44;1258.38
SO43898;3;2017-08-26;2017-09-05;2017-09-02;316;84;1;284;6;4;874.79;3538.83;3499.16
SO43898;4;2017-08-26;2017-09-05;2017-09-02;235;84;1;284;6;2;28.84;63.45;57.68
SO43898;5;2017-08-26;2017-09-05;2017-09-02;223;84;1;284;6;7;5.19;39.94;36.33
SO43898;6;2017-08-26;2017-09-05;2017-09-02;315;84;1;284;6;1;874.79;884.71;874.79
SO43898;7;2017-08-26;2017-09-05;2017-09-02;212;84;1;284;6;5;20.19;60.14;100.95
SO43898;8;2017-08-26;2017-09-05;2017-09-02;262;84;1;284;6;2;183.94;362.97;367.88
SO43898;9;2017-08-26;2017-09-05;2017-09-02;220;84;1;284;6;6;20.19;72.17;121.14
SO43898;10;2017-08-26;2017-09-05;2017-09-02;314;84;1;284;6;3;2146.96;6513.88;6440.88
SO43898;11;2017-08-26;2017-09-05;2017-09-02;215;84;1;284;6;8;20.19;96.22;161.52
SO43898;12;2017-08-26;2017-09-05;2017-09-02;322;84;1;284;6;3;419.46;1239.44;1258.38
SO43898;13;2017-08-26;2017-09-05;2017-09-02;232;84;2;284;6;11;27.88;348.97;306.68
SO43898;14;2017-08-26;2017-09-05;2017-09-02;330;84;1;284;6;2;419.46;826.29;838.92
SO43898;15;2017-08-26;2017-09-05;2017-09-02;270;84;1;284;6;4;183.94;725.94;735.76
SO43898;16;2017-08-26;2017-09-05;2017-09-02;275;84;1;284;6;3;356.90;1056.42;1070.70
SO43898;17;2017-08-26;2017-09-05;2017-09-02;317;84;1;284;6;2;874.79;1769.42;1749.58
SO43898;18;2017-08-26;2017-09-05;2017-09-02;319;84;1;284;6;10;874.79;8847.08;8747.90
SO43898;19;2017-08-26;2017-09-05;2017-09-02;229;84;1;284;6;3;28.84;95.17;86.52
SO43898;20;2017-08-26;2017-09-05;2017-09-02;332;84;1;284;6;8;419.46;3305.17;3355.68
SO43898;21;2017-08-26;2017-09-05;2017-09-02;285;84;1;284;6;2;178.58;352.40;357.16
SO43898;22;2017-08-26;2017-09-05;2017-09-02;264;84;1;284;6;2;183.94;362.97;367.88
SO43898;23;2017-08-26;2017-09-05;2017-09-02;326;84;1;284;6;7;419.46;2892.02;2936.22
SO43898;24;2017-08-26;2017-09-05;2017-09-02;324;84;1;284;6;5;419.46;2065.73;2097.30
SO43898;25;2017-08-26;2017-09-05;2017-09-02;253;84;1;284;6;5;178.58;881.00;892.90
SO43898;26;2017-08-26;2017-09-05;2017-09-02;310;84;1;284;6;2;2146.96;4342.59;4293.92
SO43898;27;2017-08-26;2017-09-05;2017-09-02;328;84;1;284;6;6;419.46;2478.88;2516.76
SO43898;28;2017-08-26;2017-09-05;2017-09-02;334;84;1;284;6;3;419.46;1239.44;1258.38
SO43899;1;2017-08-26;2017-09-05;2017-09-02;235;364;1;283;3;2;28.84;63.45;57.68
SO43899;2;2017-08-26;2017-09-05;2017-09-02;324;364;1;283;3;1;419.46;413.15;419.46
SO43899;3;2017-08-26;2017-09-05;2017-09-02;332;364;1;283;3;2;419.46;826.29;838.92
SO43899;4;2017-08-26;2017-09-05;2017-09-02;285;364;1;283;3;2;178.58;352.40;357.16
SO43899;5;2017-08-26;2017-09-05;2017-09-02;322;364;1;283;3;1;419.46;413.15;419.46
SO43899;6;2017-08-26;2017-09-05;2017-09-02;316;364;1;283;3;2;874.79;1769.42;1749.58
SO43899;7;2017-08-26;2017-09-05;2017-09-02;314;364;1;283;3;1;2146.96;2171.29;2146.96
SO43899;8;2017-08-26;2017-09-05;2017-09-02;275;364;1;283;3;1;356.90;352.14;356.90
SO43899;9;2017-08-26;2017-09-05;2017-09-02;319;364;1;283;3;2;874.79;1769.42;1749.58
SO43899;10;2017-08-26;2017-09-05;2017-09-02;342;364;1;283;3;2;419.46;826.29;838.92
SO43899;11;2017-08-26;2017-09-05;2017-09-02;326;364;1;283;3;1;419.46;413.15;419.46
SO43899;12;2017-08-26;2017-09-05;2017-09-02;328;364;1;283;3;2;419.46;826.29;838.92
SO43899;13;2017-08-26;2017-09-05;2017-09-02;315;364;1;283;3;2;874.79;1769.42;1749.58
SO43900;1;2017-08-26;2017-09-05;2017-09-02;344;422;1;285;5;4;2039.99;7648.62;8159.96
SO43900;2;2017-08-26;2017-09-05;2017-09-02;219;422;1;285;5;4;5.70;13.59;22.80
SO43900;3;2017-08-26;2017-09-05;2017-09-02;345;422;1;285;5;2;2039.99;3824.31;4079.98
SO43900;4;2017-08-26;2017-09-05;2017-09-02;349;422;1;285;5;2;2024.99;3796.19;4049.98
SO43900;5;2017-08-26;2017-09-05;2017-09-02;218;422;1;285;5;8;5.70;27.17;45.60
SO43900;6;2017-08-26;2017-09-05;2017-09-02;350;422;1;285;5;1;2024.99;1898.09;2024.99
SO43900;7;2017-08-26;2017-09-05;2017-09-02;346;422;1;285;5;3;2039.99;5736.46;6119.97
SO43900;8;2017-08-26;2017-09-05;2017-09-02;351;422;1;285;5;2;2024.99;3796.19;4049.98
SO43900;9;2017-08-26;2017-09-05;2017-09-02;348;422;1;285;5;3;2024.99;5694.28;6074.97
SO43901;1;2017-08-26;2017-09-05;2017-09-02;345;385;1;282;4;3;2039.99;5736.46;6119.97
SO43901;2;2017-08-26;2017-09-05;2017-09-02;346;385;1;282;4;3;2039.99;5736.46;6119.97
SO43901;3;2017-08-26;2017-09-05;2017-09-02;220;385;1;282;4;1;20.19;12.03;20.19
SO43901;4;2017-08-26;2017-09-05;2017-09-02;344;385;1;282;4;2;2039.99;3824.31;4079.98
SO43901;5;2017-08-26;2017-09-05;2017-09-02;349;385;1;282;4;1;2024.99;1898.09;2024.99
SO43901;6;2017-08-26;2017-09-05;2017-09-02;218;385;1;282;4;5;5.70;16.98;28.50
SO43901;7;2017-08-26;2017-09-05;2017-09-02;232;385;1;282;4;6;28.84;190.35;173.04
SO43901;8;2017-08-26;2017-09-05;2017-09-02;215;385;1;282;4;3;20.19;36.08;60.57
SO43901;9;2017-08-26;2017-09-05;2017-09-02;212;385;1;282;4;2;20.19;24.06;40.38
SO43901;10;2017-08-26;2017-09-05;2017-09-02;348;385;1;282;4;2;2024.99;3796.19;4049.98
SO43902;1;2017-08-26;2017-09-05;2017-09-02;229;566;1;285;5;1;28.84;31.72;28.84
SO43902;2;2017-08-26;2017-09-05;2017-09-02;351;566;1;285;5;2;2024.99;3796.19;4049.98
SO43902;3;2017-08-26;2017-09-05;2017-09-02;347;566;1;285;5;3;2039.99;5736.46;6119.97
SO43902;4;2017-08-26;2017-09-05;2017-09-02;292;566;1;285;5;1;818.70;706.81;818.70
SO43902;5;2017-08-26;2017-09-05;2017-09-02;307;566;1;285;5;5;722.59;3119.20;3612.95
SO43902;6;2017-08-26;2017-09-05;2017-09-02;232;566;1;285;5;6;28.84;190.35;173.04
SO43902;7;2017-08-26;2017-09-05;2017-09-02;344;566;1;285;5;3;2039.99;5736.46;6119.97
SO43902;8;2017-08-26;2017-09-05;2017-09-02;346;566;1;285;5;2;2039.99;3824.31;4079.98
SO43902;9;2017-08-26;2017-09-05;2017-09-02;350;566;1;285;5;6;2024.99;11388.57;12149.94
SO43902;10;2017-08-26;2017-09-05;2017-09-02;349;566;1;285;5;2;2024.99;3796.19;4049.98
SO43902;11;2017-08-26;2017-09-05;2017-09-02;348;566;1;285;5;3;2024.99;5694.28;6074.97
SO43902;12;2017-08-26;2017-09-05;2017-09-02;220;566;1;285;5;2;20.19;24.06;40.38
SO43902;13;2017-08-26;2017-09-05;2017-09-02;304;566;1;285;5;1;714.70;617.03;714.70
SO43902;14;2017-08-26;2017-09-05;2017-09-02;296;566;1;285;5;1;714.70;617.03;714.70
SO43902;15;2017-08-26;2017-09-05;2017-09-02;223;566;1;285;5;2;5.19;11.41;10.38
SO43902;16;2017-08-26;2017-09-05;2017-09-02;300;566;1;285;5;4;809.76;2796.37;3239.04
SO43902;17;2017-08-26;2017-09-05;2017-09-02;235;566;1;285;5;1;28.84;31.72;28.84
SO43902;18;2017-08-26;2017-09-05;2017-09-02;215;566;1;285;5;1;20.19;12.03;20.19
SO43902;19;2017-08-26;2017-09-05;2017-09-02;218;566;1;285;5;6;5.70;20.38;34.20
SO43902;20;2017-08-26;2017-09-05;2017-09-02;293;566;1;285;5;1;722.59;623.84;722.59
SO43903;1;2017-08-26;2017-09-05;2017-09-02;212;63;1;285;5;1;20.19;12.03;20.19
SO43904;1;2017-08-26;2017-09-05;2017-09-02;317;255;1;283;4;1;874.79;884.71;874.79
SO43904;2;2017-08-26;2017-09-05;2017-09-02;262;255;1;283;4;2;183.94;362.97;367.88
SO43904;3;2017-08-26;2017-09-05;2017-09-02;275;255;1;283;4;1;356.90;352.14;356.90
SO43904;4;2017-08-26;2017-09-05;2017-09-02;328;255;1;283;4;4;419.46;1652.59;1677.84
SO43904;5;2017-08-26;2017-09-05;2017-09-02;322;255;1;283;4;1;419.46;413.15;419.46
SO43904;6;2017-08-26;2017-09-05;2017-09-02;316;255;1;283;4;1;874.79;884.71;874.79
SO43904;7;2017-08-26;2017-09-05;2017-09-02;314;255;1;283;4;2;2146.96;4342.59;4293.92
SO43904;8;2017-08-26;2017-09-05;2017-09-02;324;255;1;283;4;2;419.46;826.29;838.92
SO43904;9;2017-08-26;2017-09-05;2017-09-02;270;255;1;283;4;1;183.94;181.49;183.94
SO43904;10;2017-08-26;2017-09-05;2017-09-02;285;255;1;283;4;1;178.58;176.20;178.58
SO43904;11;2017-08-26;2017-09-05;2017-09-02;326;255;1;283;4;1;419.46;413.15;419.46
SO43904;12;2017-08-26;2017-09-05;2017-09-02;319;255;1;283;4;1;874.79;884.71;874.79
SO43905;1;2017-08-27;2017-09-06;2017-09-03;342;612;1;285;5;5;419.46;2065.73;2097.30
SO43905;2;2017-08-27;2017-09-06;2017-09-03;262;612;1;285;5;2;183.94;362.97;367.88
SO43905;3;2017-08-27;2017-09-06;2017-09-03;314;612;1;285;5;1;2146.96;2171.29;2146.96
SO43905;4;2017-08-27;2017-09-06;2017-09-03;328;612;1;285;5;1;419.46;413.15;419.46
SO43905;5;2017-08-27;2017-09-06;2017-09-03;332;612;1;285;5;1;419.46;413.15;419.46
SO43905;6;2017-08-27;2017-09-06;2017-09-03;285;612;1;285;5;1;178.58;176.20;178.58
SO43905;7;2017-08-27;2017-09-06;2017-09-03;326;612;1;285;5;1;419.46;413.15;419.46
SO43905;8;2017-08-27;2017-09-06;2017-09-03;319;612;1;285;5;2;874.79;1769.42;1749.58
SO43905;9;2017-08-27;2017-09-06;2017-09-03;270;612;1;285;5;2;183.94;362.97;367.88
SO43905;10;2017-08-27;2017-09-06;2017-09-03;316;612;1;285;5;1;874.79;884.71;874.79
SO43905;11;2017-08-27;2017-09-06;2017-09-03;324;612;1;285;5;2;419.46;826.29;838.92
SO43906;1;2017-08-27;2017-09-06;2017-09-03;348;309;1;283;4;5;2024.99;9490.47;10124.95
SO43906;2;2017-08-27;2017-09-06;2017-09-03;350;309;1;283;4;2;2024.99;3796.19;4049.98
SO43906;3;2017-08-27;2017-09-06;2017-09-03;218;309;4;283;4;26;4.75;88.30;123.50
SO43906;4;2017-08-27;2017-09-06;2017-09-03;351;309;1;283;4;1;2024.99;1898.09;2024.99
